Class_ID,COMMISSION
ARB00005_USD,216235.59999999998
ARB00020_USD,-1119.6
ARB00054_USD,-2672.1
ARB00055_USD,-126.0
ARB00068_USD,-1777.95
ARB00090_USD,-371.55
ARB00110_USD,-226.5
ARB00112_USD,-330.0
ARB00113_USD,-208.35000000000002
ARB00122_USD,-53.550000000000004
ARB00123_USD,-87.9
ARB00124_USD,-161.55
ARB00126_USD,-13.05
ARB00132_USD,-1042.5
ARB00135_USD,-29.4
ARB00143_USD,-67.05
ARB00146_USD,-31.5
ARB00149_USD,-77.1
ARB00156_USD,-3698.25
ARB00160_USD,-134.25
ARB00161_USD,-622.35
ARB00169_USD,-1777.95
ARB00186_USD,-300.0
ARB00188_USD,-33.45
ARB00193_USD,-1519.65
ARB00194_USD,-1940.85
ARB00214_USD,-90.9
ARB00215_USD,-1045.2
ARB00220_USD,-236.4
ARB00257_USD,-1130.1
ARB00267_USD,-123.9
ARB00300_EUR,146948.22
ARB00300_USD,64989.49
ARB00306_USD,0.0
ARB00311_USD,12.0
ARB00320_EUR,-707.4000000000001
ARB00354_USD,-220.8
ARB00355_EUR,-13.8
ARB00390_USD,-477.29999999999995
ARB00410_EUR,-2.4
ARB00412_EUR,-43.2
ARB00412_USD,-76.8
ARB00422_EUR,-4.8
ARB00422_USD,-729.45
ARB00423_EUR,-6.6
ARB00423_USD,-2358.75
ARB00424_EUR,-84.45
ARB00424_USD,-2072.85
ARB00425_EUR,-101.1
ARB00425_USD,-2915.1
ARB00426_EUR,-31.05
ARB00426_USD,-910.35
ARB00432_EUR,-406.8
ARB00432_USD,-6.6
ARB00435_EUR,-3.9
ARB00435_USD,-1743.75
ARB00442_USD,-30.0
ARB00443_USD,-30.0
ARB00446_EUR,-68.1
ARB00446_USD,-659.55
ARB00449_EUR,-13.8
ARB00449_USD,-415.34999999999997
ARB00456_EUR,-71.1
ARB00456_USD,-405.9
ARB00460_USD,-269.4
ARB00461_USD,-231.0
ARB00469_EUR,-35.55
ARB00469_USD,-1464.45
ARB00486_EUR,-1.5
ARB00486_USD,-87.9
ARB00488_USD,-15.599999999999998
ARB00493_EUR,-42.15
ARB00493_USD,-444.0
ARB00494_EUR,-25.65
ARB00494_USD,-2085.75
ARB00503_EUR,-6.0
ARB00503_USD,-107.1
ARB00514_EUR,-12.0
ARB00514_USD,-6.6
ARB00520_USD,-0.6
ARB00567_EUR,-53.699999999999996
ARB00567_USD,-160.8
ARB00700_USD,1720.29
ARB00754_USD,-1290.45
ARB00765_USD,-21.0
ARB01002_USD,-166.2
ARB01057_USD,-290.85
ARB01063_USD,-4105.35
ARB01064_USD,-1159.8
ARB01065_USD,-401.4
ARB01066_USD,-110.39999999999999
ARB01067_USD,-3.0
ARB01071_USD,-855.6
ARB01073_USD,-2206.8
ARB01076_USD,-4273.65
ARB01078_USD,-1070.7
ARB01092_USD,-13767.9
ARB01100_USD,-22.799999999999997
ARB01117_USD,-3.6
ARB01129_USD,-1.8
ARB01145_USD,-3472.8
ARB01157_USD,-486.75
ARB01158_USD,-9132.0
ARB01166_USD,-235.2
ARB01172_USD,-603.0
ARB01176_USD,-951.0
ARB01177_USD,-12.0
ARB01195_USD,-15.3
ARB01357_EUR,-10678.949999999999
ARB01357_USD,-2435.85
ARB01400_EUR,-185.4
ARB01400_USD,-468.45
ARB01417_EUR,-95.39999999999999
ARB01417_USD,-1851.3
ARB01445_EUR,-849.9
ARB01457_USD,-55.05
ARB01458_USD,-685.65
ARB01466_USD,-62.1
ARB01472_USD,-30.0
ARB01476_USD,-158.85
ARB01602_USD,-0.6
ARB01606_USD,0.0
ARB02012_USD,-5438.400000000001
ARB02040_USD,-83.7
ARB02043_USD,-1657.2
ARB02044_USD,-1295.4
ARB02045_USD,-22.5
ARB02047_USD,-594.0
ARB02052_USD,-129.29999999999998
ARB02055_USD,-222.9
ARB02076_USD,-52617.0
ARB02102_USD,-648.3
ARB02103_USD,-1261.35
ARB02116_USD,-313.65
ARB02118_USD,-453.9
ARB02121_USD,-204.60000000000002
ARB02129_USD,-1221.3
ARB02132_USD,-133.95000000000002
ARB02135_USD,-147.3
ARB02136_USD,-207.0
ARB02145_USD,-148.8
ARB02147_USD,-1827.45
ARB02149_USD,-223.5
ARB02152_USD,-166.8
ARB02154_USD,-221.4
ARB02156_USD,-1.8
ARB02158_USD,-1319.85
ARB02167_USD,-837.6
ARB02168_USD,-7.2
ARB02173_USD,-874.65
ARB02176_USD,-6887.55
ARB02177_USD,-1088.85
ARB02179_USD,-2826.0
ARB02180_USD,-1792.95
ARB02181_USD,-4077.9
ARB02182_USD,-1365.6
ARB02183_USD,-3114.9
ARB02184_USD,-6234.75
ARB02185_USD,-39.6
ARB02187_USD,-14.1
ARB02188_USD,-74.4
ARB02190_USD,-74.1
ARB02191_USD,-63.0
ARB02196_USD,-15.0
ARB02342_EUR,-8.4
ARB02343_EUR,-539.9100000000001
ARB02343_USD,-95.25
ARB02345_EUR,-6.9
ARB02355_USD,-55.8
ARB02376_EUR,-515.7
ARB02402_USD,-94.5
ARB02416_EUR,-20.4
ARB02416_USD,-162.60000000000002
ARB02418_EUR,-96.15
ARB02418_USD,-1156.2
ARB02421_EUR,-99.0
ARB02421_USD,-82.5
ARB02429_EUR,-8.7
ARB02429_USD,-290.1
ARB02432_USD,-95.10000000000001
ARB02435_USD,-66.6
ARB02436_EUR,-336.3
ARB02436_USD,-647.25
ARB02445_USD,-760.35
ARB02447_USD,-37.5
ARB02449_EUR,-57.0
ARB02449_USD,-465.0
ARB02452_USD,-33.9
ARB02454_EUR,-41.4
ARB02454_USD,-82.65
ARB02456_EUR,-10.05
ARB02456_USD,-64.5
ARB02458_USD,-87.6
ARB02463_USD,-199.65
ARB02473_EUR,-13.35
ARB02473_USD,-455.40000000000003
ARB02476_EUR,-1111.8
ARB02476_USD,-7040.4
ARB02477_USD,-21.299999999999997
ARB02479_USD,-312.9
ARB02480_USD,-201.3
ARB02481_USD,-331.2
ARB02482_USD,-40.65
ARB02483_USD,-202.5
ARB02484_EUR,-0.3
ARB02484_USD,-762.45
ARB02485_EUR,-113.25
ARB02485_USD,-1096.05
ARB02488_USD,-624.0
ARB02491_EUR,-36.9
ARB02491_USD,-3.6
ARB02496_USD,-17.4
ARB03003_USD,-345.0
ARB03022_USD,-5074.2
ARB03032_USD,-831.45
ARB03033_USD,-549.45
ARB03035_USD,-3.75
ARB03037_USD,-202.5
ARB03038_USD,-83.1
ARB03042_USD,-1.8
ARB03043_USD,-12.6
ARB03046_USD,-28.5
ARB03052_USD,-413.85
ARB03057_USD,0.0
ARB03060_USD,-1040.7
ARB03062_USD,-733.35
ARB03064_USD,-45.45
ARB03065_USD,-9117.449999999999
ARB03072_USD,-2471.25
ARB03073_USD,-5152.2
ARB03078_USD,-31.2
ARB03079_USD,-376.2
ARB03080_USD,-147.6
ARB03084_USD,-218.4
ARB03088_USD,-16.5
ARB03090_USD,-70.2
ARB03093_USD,-60.75
ARB03096_USD,-6.6
ARB03100_USD,-43.8
ARB03102_USD,-261.75
ARB03103_USD,-1328.1
ARB03104_USD,-1259.25
ARB03105_USD,-1235.85
ARB03106_USD,-716.85
ARB03107_USD,-2693.1
ARB03108_USD,-2025.0
ARB03109_USD,-1399.05
ARB03110_USD,-34.5
ARB03112_USD,-112.94999999999999
ARB03113_USD,-111.3
ARB03115_USD,0.0
ARB03116_USD,-168.6
ARB03122_USD,-290.85
ARB03125_USD,-88.8
ARB03133_USD,-1209.0
ARB03134_USD,-69.6
ARB03135_USD,-6.0
ARB03136_USD,-4.2
ARB03139_USD,-121.5
ARB03141_USD,-1991.7
ARB03142_USD,-424.5
ARB03143_USD,-369.6
ARB03144_USD,-168.75
ARB03146_USD,-400.8
ARB03154_USD,-85.8
ARB03156_USD,-460.8
ARB03157_USD,-450.0
ARB03159_USD,-401.1
ARB03168_USD,-80.10000000000001
ARB03174_USD,-219.9
ARB03175_USD,-387.6
ARB03176_USD,-529.8
ARB03185_USD,-144.6
ARB03192_USD,-341.4
ARB03360_EUR,-2967.75
ARB03362_EUR,-544.8
ARB03362_USD,-183.9
ARB03372_USD,-214.8
ARB03373_USD,-19.2
ARB03378_USD,-147.6
ARB03400_EUR,-80.4
ARB03400_USD,-652.2
ARB03402_EUR,-42.75
ARB03402_USD,-1311.45
ARB03403_USD,-326.25
ARB03404_EUR,-10.8
ARB03404_USD,-317.7
ARB03405_EUR,-66.3
ARB03405_USD,-467.1
ARB03406_EUR,-44.1
ARB03406_USD,-657.3
ARB03407_USD,-1235.3999999999999
ARB03408_EUR,-32.099999999999994
ARB03408_USD,-2173.65
ARB03409_EUR,-55.8
ARB03409_USD,-2479.3500000000004
ARB03410_USD,-518.0999999999999
ARB03412_EUR,-3.6
ARB03412_USD,-256.05
ARB03413_USD,-250.20000000000002
ARB03422_USD,-215.7
ARB03427_USD,-17.1
ARB03433_EUR,-33.6
ARB03433_USD,-231.3
ARB03434_USD,-163.20000000000002
ARB03435_USD,-11.4
ARB03436_EUR,-3.3
ARB03436_USD,-71.1
ARB03439_USD,-331.5
ARB03441_EUR,-84.0
ARB03442_USD,-362.7
ARB03443_EUR,-6.0
ARB03443_USD,-396.3
ARB03446_EUR,-9.3
ARB03446_USD,-15.9
ARB03454_EUR,-6.0
ARB03454_USD,-53.4
ARB03456_USD,-12.3
ARB03457_EUR,-44.400000000000006
ARB03457_USD,-75.9
ARB03459_EUR,-180.3
ARB03459_USD,-22.2
ARB03460_EUR,-7.5
ARB03460_USD,-1.8
ARB03468_USD,-7.5
ARB03474_EUR,-16.2
ARB03474_USD,-2.7
ARB03475_EUR,-105.9
ARB03475_USD,-47.1
ARB03476_EUR,-52.8
ARB03476_USD,-20.7
ARB03485_EUR,-36.6
ARB03485_USD,-63.0
ARB03489_EUR,-280.95
ARB03489_USD,-632.5500000000001
ARB03492_EUR,-104.7
ARB03492_USD,-536.7
ARB04021_USD,-487.8
ARB04023_USD,-20.4
ARB04024_USD,-18.45
ARB04029_USD,-11.399999999999999
ARB04031_USD,-18693.6
ARB04038_USD,-730.95
ARB04042_USD,-156.6
ARB04047_USD,-315.3
ARB04048_USD,-738.3000000000001
ARB04049_USD,-218.70000000000002
ARB04052_USD,-336.0
ARB04053_EUR,-12.99
ARB04053_USD,-12.75
ARB04054_USD,-35.4
ARB04055_USD,-193.8
ARB04057_USD,-469.79999999999995
ARB04059_USD,-414.75
ARB04062_USD,0.0
ARB04065_USD,-443.24999999999994
ARB04066_USD,-261.75
ARB04067_USD,-176.7
ARB04068_USD,-677.55
ARB04069_USD,-247.5
ARB04070_USD,-115.94999999999999
ARB04073_USD,-26.4
ARB04074_USD,-81.15
ARB04075_USD,-15.15
ARB04077_USD,-2.1
ARB04078_USD,-7.8
ARB04079_USD,-2.1
ARB04080_USD,-1693.65
ARB04081_USD,-215.70000000000002
ARB04082_USD,-72.6
ARB04083_USD,-9.9
ARB04085_USD,-66.3
ARB04086_USD,-9594.0
ARB04087_USD,-2917.0499999999997
ARB04088_USD,-27.0
ARB04091_USD,-54.6
ARB04092_USD,-17.7
ARB04101_USD,-30.0
ARB04102_USD,-211.35
ARB04103_USD,-675.0
ARB04104_USD,-414.15000000000003
ARB04105_USD,-560.7
ARB04106_USD,-797.1
ARB04108_USD,-2764.7999999999997
ARB04110_USD,-85.8
ARB04111_USD,-1307.55
ARB04112_USD,-156.60000000000002
ARB04113_USD,-234.6
ARB04114_USD,-1147.65
ARB04115_USD,-14.399999999999999
ARB04116_USD,-778.2
ARB04117_USD,-208.5
ARB04118_USD,-95.7
ARB04119_USD,-30.150000000000002
ARB04120_USD,-21.0
ARB04121_USD,-246.0
ARB04122_USD,-6.3
ARB04157_USD,-86.1
ARB04158_USD,-0.3
ARB04159_USD,-2.1
ARB04160_USD,-28.2
ARB04161_USD,-95.39999999999999
ARB04162_USD,-6.9
ARB04164_USD,-257.4
ARB04165_USD,-121.8
ARB04166_USD,-210.9
ARB04167_USD,-313.79999999999995
ARB04168_USD,-317.4
ARB04336_USD,0.0
ARB04345_USD,-69.30000000000001
ARB04348_EUR,-18.9
ARB04348_USD,-73.5
ARB04357_EUR,-25.5
ARB04384_EUR,-170.4
ARB04384_USD,-259.8
ARB04388_USD,-0.3
ARB04395_EUR,-10584.3
ARB04396_EUR,-10528.2
ARB04401_USD,-52.2
ARB04402_USD,-479.09999999999997
ARB04403_USD,-57.3
ARB04404_EUR,-4.8
ARB04404_USD,-318.0
ARB04405_USD,-39.0
ARB04406_EUR,-1.2
ARB04406_USD,-199.2
ARB04408_EUR,-399.45
ARB04410_USD,-401.70000000000005
ARB04413_EUR,-2.1
ARB04413_USD,-119.10000000000001
ARB04415_USD,-117.0
ARB04418_USD,-95.4
ARB04420_USD,-11.4
ARB04422_USD,-7.5
ARB04451_EUR,-225.3
ARB04451_USD,-372.6
ARB04452_EUR,-201.0
ARB04452_USD,-355.2
ARB04454_EUR,-215.4
ARB04454_USD,-562.8
ARB04459_USD,-2.1
ARB04464_USD,-3.6
ARB04465_USD,-12.3
ARB04466_USD,-16.5
ARB04467_USD,-15.0
ARB04468_USD,-0.9
ARB05057_USD,-1081.95
ARB05357_EUR,-119366.7
ARB06057_USD,-2405.1
ARB06357_USD,-762.6
