,Class_ID,PL_TOTAL,OPT_PREMIUM,COMMISSION,CLEARING_FEE,EXCHANG_EFE,BROKERAGE_FEE,GIVEUP_FEE,FLR_FEE,WIR_FEE,Total_Fees
0,ARB00005_USD,0.0,0.0,216235.59999999998,0.0,60736.33,0.0,0.0,0.0,0.0,276971.93
1,ARB00020_USD,-4108.500000000002,0.0,-1519.8,0.0,-1981.48,0.0,0.0,0.0,0.0,-3501.2799999999997
2,ARB00054_USD,0.0,16827.5,-4223.25,0.0,-10135.800000000001,0.0,0.0,0.0,0.0,-14359.050000000001
3,ARB00055_USD,-5617.5,937.5,-126.0,0.0,-159.9,0.0,0.0,0.0,0.0,-285.9
4,ARB00068_USD,-106085.0,-31647.5,-2046.75,0.0,-4835.52,0.0,0.0,0.0,0.0,-6882.27
5,ARB00090_USD,-7843.5,0.0,-408.0,0.0,-865.66,0.0,0.0,0.0,0.0,-1273.6599999999999
6,ARB00110_USD,-6615.0,0.0,-265.8,0.0,-929.52,0.0,0.0,0.0,0.0,-1195.32
7,ARB00112_USD,11995.0,0.0,-352.5,0.0,-446.28000000000003,0.0,0.0,0.0,0.0,-798.78
8,ARB00113_USD,-1520.93,1542.5,-232.65,0.0,-558.36,0.0,0.0,0.0,0.0,-791.01
9,ARB00122_USD,-9567.5,0.0,-53.550000000000004,0.0,-54.22,0.0,0.0,0.0,0.0,-107.77000000000001
10,ARB00123_USD,-60912.5,-124505.0,-98.1,0.0,-267.03000000000003,0.0,0.0,0.0,0.0,-365.13
11,ARB00124_USD,2915.5,0.0,-192.45,0.0,-713.0699999999999,0.0,0.0,0.0,0.0,-905.52
12,ARB00126_USD,1772.5,0.0,-13.35,0.0,-48.76,0.0,0.0,0.0,0.0,-62.11
13,ARB00132_USD,-33517.5,17160.0,-1245.15,0.0,-3015.28,0.0,0.0,0.0,0.0,-4260.43
14,ARB00135_USD,-1032.5,0.0,-33.0,0.0,-112.2,0.0,0.0,0.0,0.0,-145.2
15,ARB00143_USD,1410.0,0.0,-74.55,0.0,-280.28,0.0,0.0,0.0,0.0,-354.83
16,ARB00146_USD,-5510.0,0.0,-38.1,0.0,-129.54000000000002,0.0,0.0,0.0,0.0,-167.64000000000001
17,ARB00149_USD,10878.5,0.0,-142.5,0.0,-685.76,0.0,0.0,0.0,0.0,-828.26
18,ARB00156_USD,28348.9,73988.75,-5238.6,0.0,-13652.74,0.0,0.0,0.0,0.0,-18891.34
19,ARB00160_USD,5.5,0.0,-180.29999999999998,0.0,-746.64,0.0,0.0,0.0,0.0,-926.9399999999999
20,ARB00161_USD,-14590.75,0.0,-717.45,0.0,-1865.72,0.0,0.0,0.0,0.0,-2583.17
21,ARB00169_USD,67173.02,0.0,-2500.05,0.0,-12111.64,0.0,0.0,0.0,0.0,-14611.689999999999
22,ARB00186_USD,21360.0,0.0,-357.6,0.0,-1514.22,0.0,0.0,0.0,0.0,-1871.8200000000002
23,ARB00188_USD,-7904.5,0.0,-37.35,0.0,-123.86000000000001,0.0,0.0,0.0,0.0,-161.21
24,ARB00193_USD,-222.5,3950.0,-1731.15,0.0,-6031.76,0.0,0.0,0.0,0.0,-7762.91
25,ARB00194_USD,-13547.800000000003,0.0,-2089.35,0.0,-7764.88,0.0,0.0,0.0,0.0,-9854.23
26,ARB00203_USD,10.0,0.0,-1.2,0.0,-6.0,0.0,0.0,0.0,0.0,-7.2
27,ARB00214_USD,4832.6,0.0,-440.1,0.0,-1353.9,0.0,0.0,0.0,0.0,-1794.0
28,ARB00215_USD,18840.26,0.0,-3222.0000000000005,0.0,-9374.92,0.0,0.0,0.0,0.0,-12596.92
29,ARB00220_USD,9827.9,0.0,-550.5,0.0,-2184.7,0.0,0.0,0.0,0.0,-2735.2
30,ARB00257_USD,17382.84,0.0,-1810.8,0.0,-8397.98,0.0,0.0,0.0,0.0,-10208.779999999999
31,ARB00267_USD,45384.32,0.0,-211.8,0.0,-1165.52,0.0,0.0,0.0,0.0,-1377.32
32,ARB00300_EUR,0.0,0.0,146948.22,0.0,0.0,0.0,0.0,0.0,0.0,146948.22
33,ARB00300_USD,0.0,0.0,64989.49,0.0,509257.41,0.0,0.0,0.0,0.0,574246.9
34,ARB00306_USD,0.0,0.0,0.0,0.0,-4650.0,0.0,0.0,0.0,0.0,-4650.0
35,ARB00311_USD,4157.74,0.0,12.0,0.0,177.04,0.0,0.0,0.0,0.0,189.04
36,ARB00320_EUR,13175.0,0.0,-787.2,0.0,0.0,0.0,0.0,0.0,0.0,-787.2
37,ARB00320_GBP,29400.0,0.0,0.0,-1638.72,-504.0,0.0,0.0,0.0,0.0,-2142.7200000000003
38,ARB00354_USD,4180.0,0.0,-249.6,-41.57,-1896.96,0.0,0.0,0.0,0.0,-2188.13
39,ARB00355_EUR,-1925.0,0.0,-16.2,0.0,0.0,0.0,0.0,0.0,0.0,-16.2
40,ARB00355_GBP,-175.0,0.0,0.0,-28.32,-9.6,0.0,0.0,0.0,0.0,-37.92
41,ARB00390_CAD,-1450.0,0.0,0.0,0.0,0.0,0.0,0.0,0.0,0.0,0.0
42,ARB00390_USD,-53240.0,0.0,-567.6,-2197.8,-1127.32,0.0,0.0,0.0,0.0,-3892.7200000000003
43,ARB00410_EUR,0.0,0.0,-3.0,0.0,0.0,0.0,0.0,0.0,0.0,-3.0
44,ARB00410_GBP,80.0,0.0,0.0,-11.0,-4.6000000000000005,0.0,0.0,0.0,0.0,-15.600000000000001
45,ARB00412_EUR,1206.25,0.0,-141.9,0.0,0.0,0.0,0.0,0.0,0.0,-141.9
46,ARB00412_GBP,-2447.5,0.0,0.0,-247.4,-84.2,0.0,0.0,0.0,0.0,-331.6
47,ARB00412_USD,1120.0,0.0,-108.0,-18.0,-820.8,0.0,0.0,0.0,0.0,-946.8
48,ARB00422_EUR,0.0,0.0,-4.8,0.0,0.0,0.0,0.0,0.0,0.0,-4.8
49,ARB00422_GBP,-150.0,0.0,0.0,-17.6,-7.38,0.0,0.0,0.0,0.0,-24.98
50,ARB00422_USD,18086.7,0.0,-733.65,-81.6,-10023.58,0.0,0.0,0.0,0.0,-10838.83
51,ARB00423_CAD,-2368.0,0.0,0.0,0.0,0.0,0.0,0.0,0.0,0.0,0.0
52,ARB00423_EUR,0.0,0.0,-10.8,0.0,0.0,0.0,0.0,0.0,0.0,-10.8
53,ARB00423_GBP,0.0,0.0,0.0,-39.599999999999994,-16.56,0.0,0.0,0.0,0.0,-56.16
54,ARB00423_USD,144992.8,-21048.75,-3086.2499999999995,-695.7,-40758.93000000001,0.0,0.0,0.0,0.0,-44540.880000000005
55,ARB00424_CAD,4432.0,0.0,0.0,0.0,0.0,0.0,0.0,0.0,0.0,0.0
56,ARB00424_EUR,0.0,0.0,-98.4,0.0,0.0,0.0,0.0,0.0,0.0,-98.4
57,ARB00424_GBP,-29090.0,0.0,0.0,-360.79999999999995,-154.26,0.0,0.0,0.0,0.0,-515.06
58,ARB00424_USD,-132683.4,29166.0,-2299.2,-2577.18,-24241.66,0.0,0.0,0.0,0.0,-29118.04
59,ARB00425_EUR,0.0,0.0,-104.1,0.0,0.0,0.0,0.0,0.0,0.0,-104.1
60,ARB00425_GBP,9910.0,0.0,0.0,-381.7,-165.44,0.0,0.0,0.0,0.0,-547.14
61,ARB00425_USD,-18557.4,0.0,-3111.0,-744.0,-41297.200000000004,0.0,0.0,0.0,0.0,-45152.200000000004
62,ARB00426_EUR,0.0,0.0,-34.050000000000004,0.0,0.0,0.0,0.0,0.0,0.0,-34.050000000000004
63,ARB00426_GBP,17200.0,0.0,0.0,-124.85000000000001,-54.02,0.0,0.0,0.0,0.0,-178.87
64,ARB00426_USD,76238.4,0.0,-1009.8,-319.08,-13168.84,0.0,0.0,0.0,0.0,-14497.72
65,ARB00432_EUR,6012.5,0.0,-439.8,0.0,0.0,0.0,0.0,0.0,0.0,-439.8
66,ARB00432_GBP,2975.0,0.0,0.0,-883.2,-276.96,0.0,0.0,0.0,0.0,-1160.16
67,ARB00432_USD,760.0,0.0,-13.8,-2.31,-104.88,0.0,0.0,0.0,0.0,-120.99
68,ARB00435_EUR,0.0,0.0,-4.95,0.0,0.0,0.0,0.0,0.0,0.0,-4.95
69,ARB00435_GBP,0.0,0.0,0.0,-18.15,-7.59,0.0,0.0,0.0,0.0,-25.74
70,ARB00435_USD,7919.2,0.0,-2100.75,0.0,-29410.5,0.0,0.0,0.0,0.0,-31511.25
71,ARB00442_USD,0.0,0.0,-30.0,0.0,-420.0,0.0,0.0,0.0,0.0,-450.0
72,ARB00443_USD,3136.0,0.0,-30.0,0.0,-420.0,0.0,0.0,0.0,0.0,-450.0
73,ARB00446_EUR,0.0,0.0,-88.5,0.0,0.0,0.0,0.0,0.0,0.0,-88.5
74,ARB00446_GBP,2210.0,0.0,0.0,-324.5,-138.22,0.0,0.0,0.0,0.0,-462.72
75,ARB00446_USD,-41259.2,0.0,-859.5,-171.6,-11512.48,0.0,0.0,0.0,0.0,-12543.58
76,ARB00449_EUR,0.0,0.0,-15.0,0.0,0.0,0.0,0.0,0.0,0.0,-15.0
77,ARB00449_GBP,280.0,0.0,0.0,-55.0,-23.32,0.0,0.0,0.0,0.0,-78.32
78,ARB00449_USD,23492.0,0.0,-468.15,-1635.6,-1592.78,0.0,0.0,0.0,0.0,-3696.5299999999997
79,ARB00456_EUR,0.0,0.0,-71.1,0.0,0.0,0.0,0.0,0.0,0.0,-71.1
80,ARB00456_GBP,0.0,0.0,0.0,-137.36,-44.0,0.0,0.0,0.0,0.0,-181.36
81,ARB00456_USD,17000.0,0.0,-442.8,-1246.82,-1610.88,0.0,0.0,0.0,0.0,-3300.5
82,ARB00459_USD,190.0,0.0,-5.4,-0.89,-41.04,0.0,0.0,0.0,0.0,-47.33
83,ARB00460_CAD,-1176.0,0.0,0.0,0.0,0.0,0.0,0.0,0.0,0.0,0.0
84,ARB00460_USD,4560.0,0.0,-287.1,0.0,-2536.9,0.0,0.0,0.0,0.0,-2824.0
85,ARB00461_CAD,6850.0,0.0,0.0,0.0,0.0,0.0,0.0,0.0,0.0,0.0
86,ARB00461_USD,0.0,0.0,-249.89999999999998,0.0,-1535.58,0.0,0.0,0.0,-29.0,-1814.48
87,ARB00469_CAD,19738.0,0.0,0.0,0.0,0.0,0.0,0.0,0.0,0.0,0.0
88,ARB00469_EUR,0.0,0.0,-51.6,0.0,0.0,0.0,0.0,0.0,0.0,-51.6
89,ARB00469_GBP,-6100.0,0.0,0.0,-189.2,-80.14,0.0,0.0,0.0,0.0,-269.34
90,ARB00469_USD,22683.9,0.0,-1661.85,-7.2,-22797.81,0.0,0.0,0.0,0.0,-24466.86
91,ARB00486_EUR,0.0,0.0,-1.5,0.0,0.0,0.0,0.0,0.0,0.0,-1.5
92,ARB00486_GBP,0.0,0.0,0.0,-5.5,-2.3,0.0,0.0,0.0,0.0,-7.8
93,ARB00486_USD,-21656.25,0.0,-93.30000000000001,-339.6,-276.08,0.0,0.0,0.0,0.0,-708.98
94,ARB00488_USD,-1215.0,0.0,-16.8,-67.2,-31.36,0.0,0.0,0.0,0.0,-115.36
95,ARB00493_CAD,-10414.0,0.0,0.0,0.0,0.0,0.0,0.0,0.0,0.0,0.0
96,ARB00493_EUR,0.0,0.0,-42.15,0.0,0.0,0.0,0.0,0.0,0.0,-42.15
97,ARB00493_GBP,0.0,0.0,0.0,-154.55,-64.63,0.0,0.0,0.0,0.0,-219.18
98,ARB00493_USD,-82153.8,0.0,-467.4,-249.6,-5118.98,0.0,0.0,0.0,0.0,-5835.98
99,ARB00494_CAD,5490.0,0.0,0.0,0.0,0.0,0.0,0.0,0.0,0.0,0.0
100,ARB00494_EUR,0.0,0.0,-31.65,0.0,0.0,0.0,0.0,0.0,0.0,-31.65
101,ARB00494_GBP,8250.0,0.0,0.0,-116.05000000000001,-49.98,0.0,0.0,0.0,0.0,-166.03
102,ARB00494_USD,112559.8,0.0,-2117.25,-5782.71,-11985.33,0.0,0.0,0.0,0.0,-19885.29
103,ARB00503_CAD,162.0,0.0,0.0,0.0,0.0,0.0,0.0,0.0,0.0,0.0
104,ARB00503_EUR,0.0,0.0,-26.700000000000003,0.0,0.0,0.0,0.0,0.0,0.0,-26.700000000000003
105,ARB00503_GBP,200.0,0.0,0.0,-71.9,-28.939999999999998,0.0,0.0,0.0,0.0,-100.84
106,ARB00503_USD,16668.6,0.0,-111.6,-256.8,-763.44,0.0,0.0,0.0,0.0,-1131.8400000000001
107,ARB00514_EUR,0.0,0.0,-12.0,0.0,0.0,0.0,0.0,0.0,0.0,-12.0
108,ARB00514_GBP,112.0,0.0,0.0,-54.4,-21.9,0.0,0.0,0.0,0.0,-76.3
109,ARB00514_USD,2025.0,0.0,-118.8,-463.2,-216.16,0.0,0.0,0.0,0.0,-798.16
110,ARB00520_EUR,0.0,0.0,-18.0,0.0,0.0,0.0,0.0,0.0,0.0,-18.0
111,ARB00520_GBP,300.0,0.0,0.0,-34.8,-13.2,0.0,0.0,0.0,0.0,-48.0
112,ARB00520_USD,-50.0,0.0,-0.6,0.0,-8.4,0.0,0.0,0.0,0.0,-9.0
113,ARB00557_EUR,0.0,0.0,-6.0,0.0,0.0,0.0,0.0,0.0,0.0,-6.0
114,ARB00557_GBP,0.0,0.0,0.0,-11.6,-4.4,0.0,0.0,0.0,0.0,-16.0
115,ARB00567_EUR,0.0,0.0,-63.900000000000006,0.0,0.0,0.0,0.0,0.0,0.0,-63.900000000000006
116,ARB00567_GBP,1010.0,0.0,0.0,-234.3,-100.64000000000001,0.0,0.0,0.0,0.0,-334.94000000000005
117,ARB00567_USD,-3093.95,0.0,-179.4,-544.8000000000001,-859.04,0.0,0.0,0.0,0.0,-1583.24
118,ARB00700_USD,0.0,0.0,1720.29,0.0,0.0,0.0,0.0,0.0,0.0,1720.29
119,ARB00754_USD,976.639999974519,0.0,-1485.45,0.0,-4140.45,0.0,0.0,0.0,0.0,-5625.9
120,ARB00765_USD,32640.200000001118,0.0,-128.70000000000002,0.0,-290.46,0.0,0.0,0.0,0.0,-419.15999999999997
121,ARB01002_USD,46053.03,0.0,-329.7,0.0,-303.64,0.0,0.0,0.0,0.0,-633.3399999999999
122,ARB01057_MXN,140680.0,0.0,0.0,0.0,0.0,0.0,0.0,0.0,0.0,0.0
123,ARB01057_USD,-366104.7400000021,0.0,-537.45,0.0,-675.5699999999999,0.0,-150.0,-0.22,0.0,-1363.24
124,ARB01063_USD,7681.07,0.0,-6963.6,0.0,-7672.72,0.0,0.0,0.0,0.0,-14636.32
125,ARB01064_USD,-595.7500000000005,625.0,-1368.15,0.0,-1347.92,0.0,0.0,0.0,0.0,-2716.07
126,ARB01065_USD,14272.970000000001,0.0,-714.0,0.0,-657.44,0.0,0.0,0.0,0.0,-1371.44
127,ARB01066_USD,179.70000000000005,0.0,-130.8,0.0,-382.8,0.0,0.0,0.0,0.0,-513.6
128,ARB01067_USD,1180.0,0.0,-4.2,0.0,-21.4,0.0,0.0,0.0,0.0,-25.599999999999998
129,ARB01071_USD,-94395.62,0.0,-3687.0,0.0,-5336.26,0.0,0.0,0.0,0.0,-9023.26
130,ARB01073_JPY,585000.0,0.0,0.0,0.0,0.0,0.0,0.0,0.0,0.0,0.0
131,ARB01073_USD,-1991.7700000000007,0.0,-3255.75,0.0,-4545.77,0.0,0.0,0.0,0.0,-7801.52
132,ARB01076_USD,17335.489999999998,0.0,-7218.450000000001,0.0,-7784.1,0.0,0.0,0.0,0.0,-15002.550000000001
133,ARB01078_USD,33173.02,0.0,-1377.9,0.0,-2984.6200000000003,0.0,0.0,0.0,0.0,-4362.52
134,ARB01092_USD,2240.179999999702,0.0,-19804.05,0.0,-28864.45,0.0,0.0,-39.739999999999995,0.0,-48708.24
135,ARB01100_USD,10990.0,0.0,-29.7,0.0,-101.38000000000001,0.0,0.0,0.0,0.0,-131.08
136,ARB01117_USD,-750.0,0.0,-6.6,0.0,-24.64,0.0,0.0,0.0,0.0,-31.240000000000002
137,ARB01129_USD,-19020.0,0.0,-1.8,0.0,-6.12,0.0,0.0,0.0,0.0,-7.92
138,ARB01145_USD,5803.98,0.0,-4319.7,0.0,-6135.259999999999,0.0,0.0,0.0,0.0,-10454.96
139,ARB01157_USD,12479.5,0.0,-625.65,0.0,-2335.76,0.0,0.0,0.0,0.0,-2961.4100000000003
140,ARB01158_USD,-352370.3,-4593.75,-12519.900000000001,0.0,-29792.4,0.0,0.0,0.0,0.0,-42312.3
141,ARB01166_USD,-9060.0,0.0,-287.55,0.0,-1156.4,0.0,0.0,0.0,0.0,-1443.95
142,ARB01172_USD,-15720.5,0.0,-811.8000000000001,0.0,-1837.3,0.0,0.0,0.0,0.0,-2649.1
143,ARB01176_USD,47644.5,0.0,-1212.9,0.0,-4528.16,0.0,0.0,0.0,0.0,-5741.0599999999995
144,ARB01177_USD,0.0,-2331.25,-12.0,0.0,-24.8,0.0,0.0,0.0,0.0,-36.8
145,ARB01195_USD,-2610.0,0.0,-15.3,0.0,-52.02,0.0,0.0,0.0,0.0,-67.32000000000001
146,ARB01357_CHF,-5037.5,0.0,0.0,0.0,0.0,0.0,0.0,0.0,0.0,0.0
147,ARB01357_EUR,36495.85000002384,0.0,-10900.95,-8813.76,-2203.44,0.0,0.0,0.0,0.0,-21918.149999999998
148,ARB01357_GBP,341900.84999999404,0.0,0.0,-17283.83,-5824.27,0.0,0.0,0.0,0.0,-23108.100000000002
149,ARB01357_USD,172825.0,0.0,-2436.0,0.0,-16231.0,0.0,0.0,0.0,0.0,-18667.0
150,ARB01400_EUR,0.0,0.0,-201.3,0.0,0.0,0.0,0.0,0.0,0.0,-201.3
151,ARB01400_GBP,0.0,0.0,0.0,-738.1,-308.66,0.0,0.0,0.0,0.0,-1046.76
152,ARB01400_USD,9100.0,0.0,-579.9,-404.4,-6891.92,0.0,0.0,0.0,0.0,-7876.22
153,ARB01417_EUR,0.0,0.0,-111.0,0.0,0.0,0.0,0.0,0.0,0.0,-111.0
154,ARB01417_GBP,2150.0,0.0,0.0,-407.0,-173.24,0.0,0.0,0.0,0.0,-580.24
155,ARB01417_USD,1259.5499999999993,0.0,-2048.85,-4477.200000000001,-15103.06,0.0,0.0,0.0,0.0,-21629.11
156,ARB01445_EUR,-22400.0,0.0,-897.9000000000001,0.0,0.0,0.0,0.0,0.0,0.0,-897.9000000000001
157,ARB01445_GBP,14500.0,0.0,0.0,-1863.04,-574.0,0.0,0.0,0.0,0.0,-2437.04
158,ARB01457_CAD,18422.0,0.0,0.0,0.0,0.0,0.0,0.0,0.0,0.0,0.0
159,ARB01457_USD,15935.0,0.0,-127.05,-108.0,-961.1,0.0,0.0,0.0,0.0,-1196.15
160,ARB01458_CAD,41498.0,0.0,0.0,0.0,0.0,0.0,0.0,0.0,0.0,0.0
161,ARB01458_USD,423345.0,0.0,-768.45,-1985.4,-4160.92,0.0,0.0,0.0,0.0,-6914.77
162,ARB01466_CAD,2218.0,0.0,0.0,0.0,0.0,0.0,0.0,0.0,0.0,0.0
163,ARB01466_USD,-390.0,0.0,-81.3,0.0,-630.7,0.0,0.0,0.0,0.0,-712.0
164,ARB01472_CAD,1598.0,0.0,0.0,0.0,0.0,0.0,0.0,0.0,0.0,0.0
165,ARB01472_USD,65.0,0.0,-32.7,0.0,-397.8,0.0,0.0,0.0,0.0,-430.5
166,ARB01476_USD,-47514.0,0.0,-181.05,0.0,-2534.7,0.0,0.0,0.0,0.0,-2715.75
167,ARB01602_USD,-81.25,0.0,-0.6,0.0,-1.36,0.0,0.0,0.0,0.0,-1.96
168,ARB01606_USD,0.0,0.0,0.0,0.0,-0.1,0.0,0.0,0.0,0.0,-0.1
169,ARB02012_USD,-1073105.0,1149505.0,-7151.7,0.0,-17761.48,0.0,0.0,0.0,0.0,-24913.18
170,ARB02040_USD,3953.15,0.0,-89.7,0.0,-143.52,0.0,0.0,0.0,0.0,-233.22000000000003
171,ARB02043_USD,-39947.21999999996,0.0,-2268.45,0.0,-5871.7,0.0,0.0,0.0,0.0,-8140.15
172,ARB02044_USD,313421.31,0.0,-1693.2,0.0,-2709.12,0.0,0.0,0.0,0.0,-4402.32
173,ARB02045_USD,-11265.71,0.0,-30.6,0.0,-48.96,0.0,0.0,0.0,0.0,-79.56
174,ARB02047_USD,55302.0,0.0,-924.3,0.0,-1788.6100000000001,0.0,0.0,0.0,0.0,-2712.91
175,ARB02052_USD,-34789.25,0.0,-146.4,0.0,-101.11999999999999,0.0,0.0,0.0,0.0,-247.51999999999998
176,ARB02055_USD,-6052.51,1870.0,-282.75,0.0,-696.5,0.0,0.0,0.0,0.0,-979.25
177,ARB02076_USD,128799.47,-875.0,-123562.8,0.0,-119549.49,0.0,0.0,0.0,0.0,-243112.29
178,ARB02102_USD,-19665.0,0.0,-819.6,0.0,-2790.84,0.0,0.0,0.0,0.0,-3610.44
179,ARB02103_USD,0.0,77165.0,-1594.3500000000001,0.0,-6925.06,0.0,0.0,0.0,0.0,-8519.41
180,ARB02116_USD,8746.75,0.0,-352.95,0.0,-1365.51,0.0,0.0,0.0,0.0,-1718.46
181,ARB02118_USD,4960.0,0.0,-497.84999999999997,0.0,-1858.64,0.0,0.0,0.0,0.0,-2356.4900000000002
182,ARB02121_USD,-1264.63,0.0,-285.0,0.0,-369.84000000000003,0.0,0.0,0.0,0.0,-654.84
183,ARB02129_USD,15863.900000000001,0.0,-1472.4,0.0,-2912.0299999999997,0.0,0.0,0.0,0.0,-4384.43
184,ARB02132_USD,-68523.5,0.0,-158.4,0.0,-606.72,0.0,0.0,0.0,0.0,-765.12
185,ARB02135_USD,-25008.25,0.0,-186.60000000000002,0.0,-563.8399999999999,0.0,0.0,0.0,0.0,-750.4399999999999
186,ARB02136_USD,6191.5,0.0,-246.3,0.0,-916.8,0.0,0.0,0.0,0.0,-1163.1
187,ARB02145_USD,-246.5,0.0,-151.8,0.0,-566.72,0.0,0.0,0.0,0.0,-718.52
188,ARB02147_USD,-22760.0,0.0,-2308.05,0.0,-4473.1900000000005,0.0,0.0,0.0,0.0,-6781.240000000001
189,ARB02149_USD,6467.5,0.0,-271.5,0.0,-986.72,0.0,0.0,0.0,0.0,-1258.22
190,ARB02152_USD,7175.0,0.0,-203.4,0.0,-788.0999999999999,0.0,0.0,0.0,0.0,-991.4999999999999
191,ARB02154_USD,-62147.5,0.0,-252.0,0.0,-860.8,0.0,0.0,0.0,0.0,-1112.8
192,ARB02156_USD,-112.5,0.0,-1.8,0.0,-6.72,0.0,0.0,0.0,0.0,-8.52
193,ARB02158_USD,325.0,17998.75,-1424.1,0.0,-2906.4,0.0,0.0,0.0,0.0,-4330.5
194,ARB02167_USD,-124581.5,0.0,-1027.2,0.0,-1894.48,0.0,0.0,0.0,0.0,-2921.6800000000003
195,ARB02168_USD,-1850.0,0.0,-7.2,0.0,-24.479999999999997,0.0,0.0,0.0,0.0,-31.679999999999996
196,ARB02173_USD,-2143.5,-93297.75,-1098.75,0.0,-4480.5599999999995,0.0,0.0,0.0,0.0,-5579.3099999999995
197,ARB02176_USD,-8437.5,0.0,-8513.1,0.0,-35954.15,0.0,0.0,0.0,0.0,-44467.25
198,ARB02177_USD,-49313.0,0.0,-1441.35,0.0,-2789.23,0.0,0.0,0.0,0.0,-4230.58
199,ARB02179_USD,-83383.0,0.0,-3652.8,0.0,-7230.84,0.0,0.0,0.0,0.0,-10883.64
200,ARB02180_USD,47344.5,0.0,-2119.35,0.0,-4105.59,0.0,0.0,0.0,0.0,-6224.9400000000005
201,ARB02181_USD,-111884.89,0.0,-5393.7,0.0,-10449.68,0.0,0.0,0.0,0.0,-15843.380000000001
202,ARB02182_USD,21317.5,0.0,-1726.8000000000002,0.0,-3307.77,0.0,0.0,0.0,0.0,-5034.57
203,ARB02183_USD,-49033.0,0.0,-3769.95,0.0,-14074.480000000001,0.0,0.0,0.0,0.0,-17844.43
204,ARB02184_USD,31304.0,0.0,-7524.6,0.0,-14585.14,0.0,0.0,0.0,0.0,-22109.739999999998
205,ARB02185_USD,2653.5,0.0,-73.5,0.0,-274.4,0.0,0.0,0.0,0.0,-347.9
206,ARB02187_USD,-1200.0,0.0,-16.65,0.0,-57.86000000000001,0.0,0.0,0.0,0.0,-74.51
207,ARB02188_USD,5520.0,0.0,-84.0,0.0,-420.0,0.0,0.0,0.0,0.0,-504.0
208,ARB02190_USD,-1230.0,0.0,-78.6,0.0,-152.84,0.0,0.0,0.0,0.0,-231.44
209,ARB02191_USD,216.0,0.0,-102.60000000000001,0.0,-76.6,0.0,0.0,0.0,0.0,-179.2
210,ARB02196_USD,3037.5,0.0,-18.0,0.0,-67.2,0.0,0.0,0.0,0.0,-85.2
211,ARB02342_EUR,0.0,0.0,-11.7,0.0,0.0,0.0,0.0,0.0,0.0,-11.7
212,ARB02342_GBP,170.0,0.0,0.0,-22.62,-8.58,0.0,0.0,0.0,0.0,-31.200000000000003
213,ARB02343_EUR,129940.0,0.0,-644.07,0.0,-608.2,0.0,0.0,0.0,0.0,-1252.27
214,ARB02343_GBP,-173915.0,0.0,0.0,-588.85,-278.45,0.0,0.0,0.0,0.0,-867.3
215,ARB02343_USD,29954.35,0.0,-128.4,-0.5,-1778.3999999999999,0.0,0.0,0.0,-91.23,-1998.53
216,ARB02345_EUR,0.0,0.0,-6.9,0.0,0.0,0.0,0.0,0.0,0.0,-6.9
217,ARB02345_GBP,-4970.0,0.0,0.0,-15.18,-7.82,0.0,0.0,0.0,0.0,-23.0
218,ARB02355_USD,2530.0,0.0,-60.0,-9.98,-456.0,0.0,0.0,0.0,0.0,-525.98
219,ARB02376_EUR,0.0,0.0,-4554.6,0.0,0.0,0.0,0.0,0.0,0.0,-4554.6
220,ARB02376_GBP,18310.0,0.0,0.0,-8805.560000000001,-3340.04,0.0,0.0,0.0,0.0,-12145.600000000002
221,ARB02402_USD,1840.0,0.0,-125.1,0.0,-1751.4,0.0,0.0,0.0,0.0,-1876.5
222,ARB02416_EUR,0.0,0.0,-22.5,0.0,0.0,0.0,0.0,0.0,0.0,-22.5
223,ARB02416_GBP,-13870.0,0.0,0.0,-82.5,-35.04,0.0,0.0,0.0,0.0,-117.53999999999999
224,ARB02416_USD,1559.4000000000015,0.0,-185.25,-399.6,-1381.38,0.0,0.0,0.0,0.0,-1966.23
225,ARB02418_EUR,0.0,0.0,-113.85,0.0,0.0,0.0,0.0,0.0,0.0,-113.85
226,ARB02418_GBP,7420.0,0.0,0.0,-417.45,-178.53,0.0,0.0,0.0,0.0,-595.98
227,ARB02418_USD,18661.4,0.0,-1366.1999999999998,-460.8,-17729.04,0.0,0.0,0.0,0.0,-19556.04
228,ARB02421_EUR,3912.5,0.0,-119.1,0.0,0.0,0.0,0.0,0.0,0.0,-119.1
229,ARB02421_GBP,4425.0,0.0,0.0,-229.36,-73.6,0.0,0.0,0.0,0.0,-302.96000000000004
230,ARB02421_USD,3390.0,0.0,-100.5,-16.76,-763.8,0.0,0.0,0.0,0.0,-881.06
231,ARB02429_CAD,-406.0,0.0,0.0,0.0,0.0,0.0,0.0,0.0,0.0,0.0
232,ARB02429_EUR,0.0,0.0,-10.95,0.0,0.0,0.0,0.0,0.0,0.0,-10.95
233,ARB02429_GBP,-11650.0,0.0,0.0,-40.15,-17.52,0.0,0.0,0.0,0.0,-57.67
234,ARB02429_USD,102238.9,0.0,-402.3,-675.6,-3272.88,0.0,0.0,0.0,0.0,-4350.780000000001
235,ARB02432_CAD,28560.0,0.0,0.0,0.0,0.0,0.0,0.0,0.0,0.0,0.0
236,ARB02432_USD,-480.6,0.0,-117.3,0.0,-877.2,0.0,0.0,0.0,0.0,-994.5
237,ARB02435_CAD,5544.0,0.0,0.0,0.0,0.0,0.0,0.0,0.0,0.0,0.0
238,ARB02435_USD,-390.0,0.0,-81.60000000000001,0.0,-547.4000000000001,0.0,0.0,0.0,0.0,-629.0000000000001
239,ARB02436_EUR,0.0,0.0,-436.05,0.0,0.0,0.0,0.0,0.0,0.0,-436.05
240,ARB02436_GBP,3870.0,0.0,0.0,-1598.85,-683.63,0.0,0.0,0.0,0.0,-2282.48
241,ARB02436_USD,13100.15,0.0,-822.6,-219.6,-10850.28,0.0,0.0,0.0,0.0,-11892.480000000001
242,ARB02445_USD,21535.0,0.0,-984.3,0.0,-13780.2,0.0,0.0,0.0,0.0,-14764.5
243,ARB02447_CAD,72.0,0.0,0.0,0.0,0.0,0.0,0.0,0.0,0.0,0.0
244,ARB02447_USD,-3750.0,0.0,-102.75,-154.79999999999998,-435.19,0.0,0.0,0.0,0.0,-692.74
245,ARB02449_EUR,0.0,0.0,-65.1,0.0,0.0,0.0,0.0,0.0,0.0,-65.1
246,ARB02449_GBP,490.0,0.0,0.0,-238.7,-100.2,0.0,0.0,0.0,0.0,-338.9
247,ARB02449_USD,15607.45,0.0,-534.3,-56.4,-7309.120000000001,0.0,0.0,0.0,0.0,-7899.820000000001
248,ARB02452_USD,-27720.0,0.0,-37.199999999999996,-129.6,-127.67999999999999,0.0,0.0,0.0,0.0,-294.47999999999996
249,ARB02454_EUR,0.0,0.0,-47.400000000000006,0.0,0.0,0.0,0.0,0.0,0.0,-47.400000000000006
250,ARB02454_GBP,7890.0,0.0,0.0,-173.8,-72.96,0.0,0.0,0.0,0.0,-246.76
251,ARB02454_USD,-92657.6,0.0,-107.1,0.0,-1499.4,0.0,0.0,0.0,0.0,-1606.5
252,ARB02456_EUR,0.0,0.0,-10.65,0.0,0.0,0.0,0.0,0.0,0.0,-10.65
253,ARB02456_GBP,-20.0,0.0,0.0,-39.05,-16.37,0.0,0.0,0.0,0.0,-55.42
254,ARB02456_USD,22331.85,0.0,-77.39999999999999,-46.199999999999996,-943.46,0.0,0.0,0.0,0.0,-1067.06
255,ARB02458_USD,17470.0,0.0,-115.5,-36.7,-849.32,0.0,0.0,0.0,0.0,-1001.52
256,ARB02463_USD,62563.8,0.0,-199.65,0.0,-2795.1,0.0,0.0,0.0,0.0,-2994.75
257,ARB02473_EUR,0.0,0.0,-13.35,0.0,0.0,0.0,0.0,0.0,0.0,-13.35
258,ARB02473_GBP,0.0,0.0,0.0,-42.72,-10.68,0.0,0.0,0.0,0.0,-53.4
259,ARB02473_USD,16180.0,0.0,-518.7,-2074.8,-968.24,0.0,0.0,0.0,0.0,-3561.74
260,ARB02476_EUR,1250.0,0.0,-1132.8,0.0,0.0,0.0,0.0,0.0,0.0,-1132.8
261,ARB02476_GBP,-189462.5,0.0,0.0,-3400.96,-874.24,0.0,0.0,0.0,0.0,-4275.2
262,ARB02476_USD,431380.0,0.0,-8445.3,-33781.2,-15764.56,0.0,0.0,0.0,0.0,-57991.06
263,ARB02477_CAD,0.0,0.0,0.0,0.0,0.0,0.0,0.0,0.0,0.0,0.0
264,ARB02477_USD,-700.0,0.0,-21.299999999999997,-82.8,-42.04,0.0,0.0,0.0,0.0,-146.14
265,ARB02479_CAD,108.0,0.0,0.0,0.0,0.0,0.0,0.0,0.0,0.0,0.0
266,ARB02479_USD,48404.8,0.0,-361.2,-244.8,-3069.2400000000002,0.0,0.0,0.0,0.0,-3675.2400000000002
267,ARB02480_CAD,7276.0,0.0,0.0,0.0,0.0,0.0,0.0,0.0,0.0,0.0
268,ARB02480_USD,-700.0,0.0,-271.95,-925.8,-661.54,0.0,0.0,0.0,0.0,-1859.29
269,ARB02481_CAD,22972.0,0.0,0.0,0.0,0.0,0.0,0.0,0.0,0.0,0.0
270,ARB02481_USD,740.0,0.0,-449.40000000000003,-487.2,-2083.7599999999998,0.0,0.0,0.0,0.0,-3020.3599999999997
271,ARB02482_CAD,1660.0,0.0,0.0,0.0,0.0,0.0,0.0,0.0,0.0,0.0
272,ARB02482_USD,0.0,0.0,-65.1,0.0,-368.9,0.0,0.0,0.0,0.0,-434.0
273,ARB02483_CAD,956.0,0.0,0.0,0.0,0.0,0.0,0.0,0.0,0.0,0.0
274,ARB02483_USD,3960.0,0.0,-342.6,-422.4,-1540.12,0.0,0.0,0.0,0.0,-2305.12
275,ARB02484_CAD,-15914.0,0.0,0.0,0.0,0.0,0.0,0.0,0.0,0.0,0.0
276,ARB02484_EUR,0.0,0.0,-0.3,0.0,0.0,0.0,0.0,0.0,0.0,-0.3
277,ARB02484_GBP,710.0,0.0,0.0,-1.1,-0.48,0.0,0.0,0.0,0.0,-1.58
278,ARB02484_USD,-27730.0,0.0,-889.05,-1509.6,-3643.83,0.0,0.0,0.0,0.0,-6042.48
279,ARB02485_EUR,0.0,0.0,-155.85,0.0,0.0,0.0,0.0,0.0,0.0,-155.85
280,ARB02485_GBP,3490.0,0.0,0.0,-571.45,-242.61,0.0,0.0,0.0,0.0,-814.0600000000001
281,ARB02485_USD,24806.4,0.0,-1322.4,-1887.6,-12787.88,0.0,0.0,0.0,0.0,-15997.88
282,ARB02488_USD,27455.0,0.0,-762.9,-3051.6,-1424.08,0.0,0.0,0.0,0.0,-5238.58
283,ARB02491_CAD,258.0,0.0,0.0,0.0,0.0,0.0,0.0,0.0,0.0,0.0
284,ARB02491_EUR,0.0,0.0,-39.3,0.0,0.0,0.0,0.0,0.0,0.0,-39.3
285,ARB02491_GBP,1660.0,0.0,0.0,-144.1,-62.28,0.0,0.0,0.0,0.0,-206.38
286,ARB02491_USD,-1949.45,0.0,-3.9,0.0,-44.6,0.0,0.0,0.0,0.0,-48.5
287,ARB02496_CAD,4022.0,0.0,0.0,0.0,0.0,0.0,0.0,0.0,0.0,0.0
288,ARB02496_USD,0.0,0.0,-17.4,0.0,-98.6,0.0,0.0,0.0,0.0,-116.0
289,ARB03003_USD,-12800.0,0.0,-360.0,0.0,-456.0,0.0,0.0,0.0,0.0,-816.0
290,ARB03022_USD,61850.0,180740.0,-5667.75,0.0,-7891.929999999999,-2150.0,0.0,0.0,0.0,-15709.68
291,ARB03032_USD,-1400.0,0.0,-1039.2,0.0,-1316.32,0.0,0.0,0.0,0.0,-2355.52
292,ARB03033_USD,-35076.25,6337.5,-623.1,0.0,-1386.12,0.0,0.0,0.0,0.0,-2009.2199999999998
293,ARB03035_USD,181.5,0.0,-3.75,0.0,-15.35,0.0,0.0,0.0,0.0,-19.1
294,ARB03037_USD,56055.32,0.0,-274.05,0.0,-1036.61,0.0,0.0,0.0,0.0,-1310.6599999999999
295,ARB03038_USD,-21297.5,0.0,-106.95,0.0,-242.42000000000002,0.0,0.0,0.0,0.0,-349.37
296,ARB03042_USD,-316.34,-862.5,-2.7,0.0,-10.379999999999999,0.0,-9.0,-0.27,0.0,-22.349999999999998
297,ARB03043_USD,15351.710000000001,610.35,-16.200000000000003,0.0,-62.879999999999995,0.0,-54.0,-1.62,0.0,-134.7
298,ARB03046_USD,6348.28,4331.25,-38.7,0.0,-144.69,0.0,-124.5,-3.74,0.0,-311.63
299,ARB03052_USD,23826.85,0.0,-539.25,0.0,-916.19,0.0,0.0,0.0,0.0,-1455.44
300,ARB03057_USD,0.0,0.0,0.0,0.0,-0.88,0.0,0.0,0.0,0.0,-0.88
301,ARB03060_USD,102636.25,0.0,-1400.1,0.0,-1963.1599999999999,0.0,0.0,0.0,0.0,-3363.2599999999998
302,ARB03062_USD,143995.0,0.0,-842.7,0.0,-3660.43,0.0,0.0,0.0,0.0,-4503.13
303,ARB03064_USD,-555.0,0.0,-131.7,0.0,-635.88,0.0,0.0,0.0,0.0,-767.5799999999999
304,ARB03065_USD,1106950.0,-31756.25,-10755.15,0.0,-13762.69,0.0,0.0,0.0,0.0,-24517.84
305,ARB03072_USD,-10687.5,16407.5,-4023.15,0.0,-9607.960000000001,0.0,0.0,0.0,0.0,-13631.11
306,ARB03073_USD,0.0,26766.28,-6246.45,0.0,-14991.48,0.0,0.0,0.0,0.0,-21237.93
307,ARB03078_USD,18010.0,0.0,-42.3,0.0,-213.5,0.0,0.0,0.0,0.0,-255.8
308,ARB03079_USD,-186748.0,0.0,-459.0,0.0,-2322.6,0.0,0.0,0.0,0.0,-2781.6
309,ARB03080_USD,-24070.0,0.0,-153.6,0.0,-522.24,0.0,0.0,0.0,0.0,-675.84
310,ARB03084_USD,3188.46,0.0,-299.7,0.0,-780.5799999999999,0.0,0.0,0.0,0.0,-1080.28
311,ARB03088_USD,940.0,0.0,-22.2,0.0,-29.6,0.0,0.0,0.0,0.0,-51.8
312,ARB03090_USD,-12922.0,0.0,-72.6,0.0,-116.28,0.0,0.0,0.0,0.0,-188.88
313,ARB03093_USD,-4603.5,0.0,-75.15,0.0,-109.97999999999999,0.0,0.0,0.0,0.0,-185.13
314,ARB03096_USD,-48.75,0.0,-7.199999999999999,0.0,-5.52,0.0,0.0,0.0,0.0,-12.719999999999999
315,ARB03100_USD,780.0,0.0,-50.4,0.0,-188.16,0.0,0.0,0.0,0.0,-238.56
316,ARB03102_USD,-5320.0,-12525.0,-295.8,0.0,-985.22,0.0,0.0,0.0,0.0,-1281.02
317,ARB03103_USD,326033.9,0.0,-1737.75,0.0,-6573.4800000000005,0.0,0.0,0.0,0.0,-8311.23
318,ARB03104_USD,24831.5,812.5,-1517.4,0.0,-3488.45,0.0,0.0,0.0,0.0,-5005.85
319,ARB03105_USD,-32727.019999999997,-21.25,-1551.1499999999999,0.0,-5296.65,0.0,0.0,0.0,0.0,-6847.799999999999
320,ARB03106_USD,477099.69,0.0,-845.25,0.0,-2675.06,0.0,0.0,0.0,0.0,-3520.31
321,ARB03107_USD,-36353.5,51992.5,-3469.95,0.0,-14301.99,0.0,0.0,0.0,0.0,-17771.94
322,ARB03108_USD,513450.4,56435.0,-2464.8,0.0,-7632.09,0.0,0.0,0.0,0.0,-10096.89
323,ARB03109_USD,-207059.0,-19683.0,-1900.3500000000001,0.0,-3716.78,0.0,0.0,0.0,0.0,-5617.13
324,ARB03110_USD,-5327.5,0.0,-42.0,0.0,-127.19999999999999,0.0,0.0,0.0,0.0,-169.2
325,ARB03112_USD,26787.1,0.0,-186.75,0.0,-835.0999999999999,0.0,0.0,0.0,0.0,-1021.8499999999999
326,ARB03113_USD,-14191.470000000001,0.0,-111.3,0.0,-208.47,0.0,0.0,0.0,0.0,-319.77
327,ARB03115_USD,0.0,0.0,0.0,0.0,-1.6,0.0,0.0,0.0,0.0,-1.6
328,ARB03116_USD,81652.5,0.0,-231.0,0.0,-447.76,0.0,0.0,0.0,0.0,-678.76
329,ARB03122_USD,-14001.5,4610.0,-372.45,0.0,-1553.93,0.0,0.0,0.0,0.0,-1926.38
330,ARB03125_USD,-13005.0,0.0,-96.3,0.0,-327.42,0.0,0.0,0.0,0.0,-423.72
331,ARB03133_USD,-260688.7,0.0,-1460.55,0.0,-4150.78,0.0,0.0,0.0,0.0,-5611.33
332,ARB03134_USD,2765.0,0.0,-85.5,0.0,-312.78,0.0,0.0,0.0,0.0,-398.28
333,ARB03135_USD,1312.5,0.0,-6.0,0.0,-22.4,0.0,0.0,0.0,0.0,-28.4
334,ARB03136_USD,-990.0,0.0,-7.8,0.0,-37.44,0.0,0.0,0.0,0.0,-45.239999999999995
335,ARB03139_USD,-84327.5,-16750.0,-125.7,0.0,-429.94,0.0,0.0,0.0,0.0,-555.64
336,ARB03141_USD,-18549.27,0.0,-2271.9,0.0,-2990.6,0.0,0.0,0.0,0.0,-5262.5
337,ARB03142_USD,-61793.4,0.0,-447.3,0.0,-2121.5,0.0,0.0,0.0,0.0,-2568.8
338,ARB03143_USD,60305.5,0.0,-435.9,0.0,-1878.02,0.0,0.0,0.0,0.0,-2313.92
339,ARB03144_USD,16927.0,0.0,-194.85,0.0,-755.01,0.0,0.0,0.0,0.0,-949.86
340,ARB03146_USD,5340.0,0.0,-456.6,0.0,-1709.1999999999998,0.0,0.0,0.0,0.0,-2165.7999999999997
341,ARB03154_USD,270.86,0.0,-103.8,0.0,-140.32,0.0,0.0,0.0,0.0,-244.12
342,ARB03156_USD,3000.21,0.0,-590.8499999999999,0.0,-787.0,0.0,0.0,0.0,0.0,-1377.85
343,ARB03157_USD,56802.81,0.0,-450.6,0.0,-594.05,0.0,0.0,0.0,0.0,-1044.65
344,ARB03159_USD,16258.849999999991,0.0,-489.90000000000003,0.0,-681.74,0.0,0.0,0.0,0.0,-1171.64
345,ARB03168_USD,-2571.0,0.0,-95.25,0.0,-355.6,0.0,0.0,0.0,0.0,-450.85
346,ARB03174_USD,10664.8,0.0,-242.4,0.0,-327.44,0.0,0.0,0.0,0.0,-569.84
347,ARB03175_USD,25627.06,0.0,-424.2,0.0,-586.96,0.0,0.0,0.0,0.0,-1011.1600000000001
348,ARB03176_USD,-24622.5,0.0,-576.3,0.0,-816.34,0.0,0.0,0.0,0.0,-1392.6399999999999
349,ARB03185_USD,1862.5,0.0,-159.6,0.0,-202.16,0.0,0.0,0.0,0.0,-361.76
350,ARB03192_USD,-28787.5,0.0,-402.59999999999997,0.0,-4086.32,0.0,0.0,0.0,0.0,-4488.92
351,ARB03360_EUR,143475.0,0.0,-4868.85,0.0,0.0,0.0,0.0,0.0,0.0,-4868.85
352,ARB03360_GBP,-237137.5,0.0,0.0,-10953.880000000001,-3234.16,0.0,0.0,0.0,0.0,-14188.04
353,ARB03362_EUR,-21275.0,0.0,-660.6,0.0,0.0,0.0,0.0,0.0,0.0,-660.6
354,ARB03362_GBP,-9675.0,0.0,0.0,-1679.3600000000001,-466.4,0.0,0.0,0.0,0.0,-2145.76
355,ARB03362_USD,-95580.0,0.0,-288.9,-1155.6,-539.28,0.0,0.0,0.0,0.0,-1983.78
356,ARB03364_EUR,0.0,0.0,-12.0,0.0,0.0,0.0,0.0,0.0,0.0,-12.0
357,ARB03364_GBP,0.0,0.0,0.0,-16.0,-6.4,0.0,0.0,0.0,0.0,-22.4
358,ARB03372_USD,2250.0,0.0,-241.2,-40.2,-1833.12,0.0,0.0,0.0,0.0,-2114.52
359,ARB03373_USD,60.0,0.0,-22.8,-3.8,-173.28,0.0,0.0,0.0,0.0,-199.88
360,ARB03378_USD,38130.0,0.0,-178.8,-715.2,-333.76,0.0,0.0,0.0,0.0,-1227.76
361,ARB03400_EUR,0.0,0.0,-104.39999999999999,0.0,0.0,0.0,0.0,0.0,0.0,-104.39999999999999
362,ARB03400_GBP,990.0,0.0,0.0,-382.80000000000007,-165.42000000000002,0.0,0.0,0.0,0.0,-548.22
363,ARB03400_USD,-11388.95,0.0,-814.2,-607.2,-9556.96,0.0,0.0,0.0,0.0,-10978.359999999999
364,ARB03402_EUR,0.0,0.0,-55.5,0.0,0.0,0.0,0.0,0.0,0.0,-55.5
365,ARB03402_GBP,470.0,0.0,0.0,-203.5,-86.47999999999999,0.0,0.0,0.0,0.0,-289.98
366,ARB03402_USD,25717.0,1512.0,-1541.3999999999999,-91.2,-21302.96,0.0,0.0,0.0,0.0,-22935.559999999998
367,ARB03403_CAD,6288.0,0.0,0.0,0.0,0.0,0.0,0.0,0.0,0.0,0.0
368,ARB03403_USD,-8354.2,0.0,-444.45000000000005,-275.4,-2556.92,0.0,0.0,0.0,0.0,-3276.77
369,ARB03404_CAD,6.0,0.0,0.0,0.0,0.0,0.0,0.0,0.0,0.0,0.0
370,ARB03404_EUR,0.0,0.0,-12.899999999999999,0.0,0.0,0.0,0.0,0.0,0.0,-12.899999999999999
371,ARB03404_GBP,120.0,0.0,0.0,-47.3,-20.32,0.0,0.0,0.0,0.0,-67.62
372,ARB03404_USD,21213.8,0.0,-408.59999999999997,-554.4,-3661.2200000000003,0.0,0.0,0.0,0.0,-4624.22
373,ARB03405_CAD,2802.0,0.0,0.0,0.0,0.0,0.0,0.0,0.0,0.0,0.0
374,ARB03405_EUR,0.0,0.0,-86.10000000000001,0.0,0.0,0.0,0.0,0.0,0.0,-86.10000000000001
375,ARB03405_GBP,93240.0,0.0,0.0,-315.7,-134.9,0.0,0.0,0.0,0.0,-450.6
376,ARB03405_USD,69644.1,5190.0,-595.0500000000001,-1747.49,-2652.27,0.0,0.0,0.0,0.0,-4994.8099999999995
377,ARB03406_CAD,-94.0,0.0,0.0,0.0,0.0,0.0,0.0,0.0,0.0,0.0
378,ARB03406_EUR,0.0,0.0,-52.800000000000004,0.0,0.0,0.0,0.0,0.0,0.0,-52.800000000000004
379,ARB03406_GBP,-67130.0,0.0,0.0,-193.6,-84.38,0.0,0.0,0.0,0.0,-277.98
380,ARB03406_USD,148253.2,0.0,-862.05,-2433.2799999999997,-4180.23,0.0,0.0,0.0,0.0,-7475.5599999999995
381,ARB03407_USD,-7490.0,0.0,-1935.45,-7430.400000000001,-4557.42,0.0,0.0,0.0,0.0,-13923.27
382,ARB03408_CAD,-6472.0,0.0,0.0,0.0,0.0,0.0,0.0,0.0,0.0,0.0
383,ARB03408_EUR,0.0,0.0,-41.099999999999994,0.0,0.0,0.0,0.0,0.0,0.0,-41.099999999999994
384,ARB03408_GBP,5030.0,0.0,0.0,-150.7,-65.25999999999999,0.0,0.0,0.0,0.0,-215.95999999999998
385,ARB03408_USD,350461.5,138490.0,-2531.25,-8698.199999999999,-8927.96,0.0,0.0,0.0,0.0,-20157.409999999996
386,ARB03409_EUR,0.0,0.0,-83.7,0.0,0.0,0.0,0.0,0.0,0.0,-83.7
387,ARB03409_GBP,5000.0,0.0,0.0,-306.9,-129.8,0.0,0.0,0.0,0.0,-436.7
388,ARB03409_USD,-65079.9,0.0,-3173.4,-184.42000000000002,-42439.439999999995,0.0,0.0,0.0,0.0,-45797.259999999995
389,ARB03410_USD,382100.0,0.0,-549.3,-2197.2,-1025.36,0.0,0.0,0.0,0.0,-3771.8599999999997
390,ARB03412_EUR,0.0,0.0,-3.6,0.0,0.0,0.0,0.0,0.0,0.0,-3.6
391,ARB03412_GBP,0.0,0.0,0.0,-13.2,-5.52,0.0,0.0,0.0,0.0,-18.72
392,ARB03412_USD,68216.6,0.0,-384.75,-1351.8,-1286.04,0.0,0.0,0.0,0.0,-3022.59
393,ARB03413_USD,2840.0,0.0,-315.9,-1263.6,-589.68,0.0,0.0,0.0,0.0,-2169.18
394,ARB03422_CAD,7658.0,0.0,0.0,0.0,0.0,0.0,0.0,0.0,0.0,0.0
395,ARB03422_USD,9918.4,0.0,-280.8,-313.2,-1428.66,0.0,0.0,0.0,0.0,-2022.66
396,ARB03427_USD,201.6,0.0,-19.2,0.0,-268.8,0.0,0.0,0.0,0.0,-288.0
397,ARB03433_EUR,0.0,0.0,-58.2,0.0,0.0,0.0,0.0,0.0,0.0,-58.2
398,ARB03433_GBP,310.0,0.0,0.0,-213.4,-89.64,0.0,0.0,0.0,0.0,-303.04
399,ARB03433_USD,-21066.65,0.0,-308.1,-673.1999999999999,-2271.36,0.0,0.0,0.0,0.0,-3252.66
400,ARB03434_USD,2431.6,0.0,-198.6,-684.0,-705.5999999999999,0.0,0.0,0.0,0.0,-1588.1999999999998
401,ARB03435_USD,305.0,0.0,-11.4,0.0,-159.6,0.0,0.0,0.0,0.0,-171.0
402,ARB03436_CAD,1270.0,0.0,0.0,0.0,0.0,0.0,0.0,0.0,0.0,0.0
403,ARB03436_EUR,0.0,0.0,-3.3,0.0,0.0,0.0,0.0,0.0,0.0,-3.3
404,ARB03436_GBP,-550.0,0.0,0.0,-12.1,-5.28,0.0,0.0,0.0,0.0,-17.38
405,ARB03436_USD,3168.0,0.0,-107.7,-4.8,-755.74,0.0,0.0,0.0,0.0,-868.24
406,ARB03439_USD,-192320.0,138600.0,-427.65000000000003,-1665.6000000000001,-934.78,0.0,0.0,0.0,0.0,-3028.0299999999997
407,ARB03441_EUR,-875.0,0.0,-129.0,0.0,0.0,0.0,0.0,0.0,0.0,-129.0
408,ARB03441_GBP,-625.0,0.0,0.0,-228.0,-76.8,0.0,0.0,0.0,0.0,-304.8
409,ARB03442_USD,85075.0,0.0,-449.1,-1796.4,-838.3199999999999,0.0,0.0,0.0,0.0,-3083.8199999999997
410,ARB03443_CAD,-884.0,0.0,0.0,0.0,0.0,0.0,0.0,0.0,0.0,0.0
411,ARB03443_EUR,0.0,0.0,-6.0,0.0,0.0,0.0,0.0,0.0,0.0,-6.0
412,ARB03443_GBP,260.0,0.0,0.0,-22.0,-9.6,0.0,0.0,0.0,0.0,-31.6
413,ARB03443_USD,-3155.0,0.0,-516.9,-1791.6000000000001,-1302.08,0.0,0.0,0.0,0.0,-3610.58
414,ARB03446_EUR,0.0,0.0,-10.2,0.0,0.0,0.0,0.0,0.0,0.0,-10.2
415,ARB03446_GBP,350.0,0.0,0.0,-37.4,-16.32,0.0,0.0,0.0,0.0,-53.72
416,ARB03446_USD,389.2,0.0,-24.9,0.0,-348.6,0.0,0.0,0.0,0.0,-373.5
417,ARB03454_EUR,-125.0,0.0,-6.0,0.0,0.0,0.0,0.0,0.0,0.0,-6.0
418,ARB03454_GBP,0.0,0.0,0.0,-8.0,-3.2,0.0,0.0,0.0,0.0,-11.2
419,ARB03454_USD,990.0,0.0,-58.8,-9.8,-446.88,0.0,0.0,0.0,0.0,-515.48
420,ARB03456_USD,770.0,0.0,-19.5,-3.25,-148.2,0.0,0.0,0.0,0.0,-170.95
421,ARB03457_EUR,900.0,0.0,-44.400000000000006,0.0,0.0,0.0,0.0,0.0,0.0,-44.400000000000006
422,ARB03457_GBP,-375.0,0.0,0.0,-79.36,-26.560000000000002,0.0,0.0,0.0,0.0,-105.92
423,ARB03457_USD,3930.0,0.0,-76.8,-12.81,-583.68,0.0,0.0,0.0,0.0,-673.29
424,ARB03459_CHF,-1250.0,0.0,0.0,0.0,0.0,0.0,0.0,0.0,0.0,0.0
425,ARB03459_EUR,1950.0,0.0,-202.5,-28.8,-7.2,0.0,0.0,0.0,0.0,-238.5
426,ARB03459_GBP,-1137.5,0.0,0.0,-392.96000000000004,-122.48,0.0,0.0,0.0,0.0,-515.44
427,ARB03459_USD,-4620.0,0.0,-28.5,-4.77,-216.6,0.0,0.0,0.0,0.0,-249.87
428,ARB03460_EUR,0.0,0.0,-7.5,0.0,0.0,0.0,0.0,0.0,0.0,-7.5
429,ARB03460_GBP,-17120.0,0.0,0.0,-27.5,-12.0,0.0,0.0,0.0,0.0,-39.5
430,ARB03460_USD,470.0,0.0,-1.8,0.0,-25.2,0.0,0.0,0.0,0.0,-27.0
431,ARB03463_USD,0.0,0.0,-1.2,0.0,-16.8,0.0,0.0,0.0,0.0,-18.0
432,ARB03468_CAD,-1306.0,0.0,0.0,0.0,0.0,0.0,0.0,0.0,0.0,0.0
433,ARB03468_USD,0.0,0.0,-8.4,0.0,-47.6,0.0,0.0,0.0,0.0,-56.0
434,ARB03474_EUR,7812.5,0.0,-28.2,0.0,0.0,0.0,0.0,0.0,0.0,-28.2
435,ARB03474_GBP,0.0,0.0,0.0,-37.6,-15.04,0.0,0.0,0.0,0.0,-52.64
436,ARB03474_USD,70.0,0.0,-4.8,-0.8,-36.48,0.0,0.0,0.0,0.0,-42.08
437,ARB03475_EUR,9587.5,0.0,-118.5,0.0,0.0,0.0,0.0,0.0,0.0,-118.5
438,ARB03475_GBP,0.0,0.0,0.0,-158.0,-63.2,0.0,0.0,0.0,0.0,-221.2
439,ARB03475_USD,-510.0,0.0,-63.3,-10.57,-481.08,0.0,0.0,0.0,0.0,-554.95
440,ARB03476_EUR,1150.0,0.0,-52.8,0.0,0.0,0.0,0.0,0.0,0.0,-52.8
441,ARB03476_GBP,0.0,0.0,0.0,-70.4,-28.16,0.0,0.0,0.0,0.0,-98.56
442,ARB03476_USD,700.0,0.0,-21.6,-3.6,-164.16,0.0,0.0,0.0,0.0,-189.36
443,ARB03485_EUR,-125.0,0.0,-39.0,0.0,0.0,0.0,0.0,0.0,0.0,-39.0
444,ARB03485_GBP,75.0,0.0,0.0,-58.72,-21.759999999999998,0.0,0.0,0.0,0.0,-80.47999999999999
445,ARB03485_USD,1180.0,0.0,-73.8,-12.27,-560.88,0.0,0.0,0.0,0.0,-646.95
446,ARB03489_EUR,0.0,0.0,-326.40000000000003,0.0,0.0,0.0,0.0,0.0,0.0,-326.40000000000003
447,ARB03489_GBP,100.0,0.0,0.0,-1196.8,-519.86,0.0,0.0,0.0,0.0,-1716.6599999999999
448,ARB03489_USD,15437.6,0.0,-746.25,-1785.6,-5031.18,0.0,0.0,0.0,0.0,-7563.030000000001
449,ARB03492_CAD,-144.0,0.0,0.0,0.0,0.0,0.0,0.0,0.0,0.0,0.0
450,ARB03492_EUR,0.0,0.0,-130.5,0.0,0.0,0.0,0.0,0.0,0.0,-130.5
451,ARB03492_GBP,-980.0,0.0,0.0,-478.5,-207.76000000000002,0.0,0.0,0.0,0.0,-686.26
452,ARB03492_USD,24675.4,0.0,-641.25,0.0,-8937.5,0.0,0.0,0.0,0.0,-9578.75
453,ARB04021_USD,15228.5,0.0,-1376.1,0.0,-1247.6,0.0,0.0,0.0,0.0,-2623.7
454,ARB04023_USD,19215.0,-1065.0,-23.4,0.0,-61.44,0.0,0.0,0.0,0.0,-84.84
455,ARB04024_USD,-7445.0,0.0,-24.0,0.0,-54.4,0.0,0.0,0.0,0.0,-78.4
456,ARB04029_USD,81387.74,0.0,-22.5,-1.0,-76.92,0.0,0.0,0.0,0.0,-100.42
457,ARB04031_USD,69619.71000000022,0.0,-25557.6,0.0,-39662.89,0.0,0.0,0.0,0.0,-65220.49
458,ARB04038_USD,2160.62,0.0,-1013.25,0.0,-898.18,0.0,0.0,0.0,0.0,-1911.4299999999998
459,ARB04042_USD,29671.78,0.0,-196.2,0.0,-313.92,0.0,0.0,0.0,0.0,-510.12
460,ARB04047_USD,-1337.5,37395.0,-332.1,0.0,-821.76,0.0,0.0,0.0,0.0,-1153.8600000000001
461,ARB04048_USD,-1892633.05,1383865.5,-998.4,0.0,-3793.52,0.0,0.0,0.0,0.0,-4791.92
462,ARB04049_USD,7875.0,0.0,-234.3,0.0,-1321.9,0.0,0.0,0.0,0.0,-1556.2
463,ARB04052_USD,-8912.5,0.0,-384.0,0.0,-2576.32,0.0,0.0,0.0,0.0,-2960.32
464,ARB04053_EUR,-7404.0,0.0,-15.84,0.0,-15.14,0.0,0.0,0.0,0.0,-30.98
465,ARB04053_GBP,-11050.0,0.0,0.0,-19.1,-5.78,0.0,0.0,0.0,0.0,-24.880000000000003
466,ARB04053_USD,-67.85000000000582,417.9699999999998,-14.25,0.0,-24.72,0.0,0.0,0.0,-1.8599999999999999,-40.83
467,ARB04054_USD,2173.5,0.0,-38.7,0.0,-113.3,0.0,0.0,0.0,0.0,-152.0
468,ARB04055_USD,36458.6,0.0,-327.6,0.0,-1463.12,0.0,0.0,0.0,0.0,-1790.7199999999998
469,ARB04057_USD,1922.5,0.0,-783.6,0.0,-1708.51,0.0,0.0,0.0,0.0,-2492.11
470,ARB04059_USD,-488937.5,1396972.5,-521.25,0.0,-1273.29,0.0,0.0,-50.58,0.0,-1845.12
471,ARB04062_USD,0.0,0.0,0.0,0.0,4.6899999999999995,0.0,0.0,0.0,0.0,4.6899999999999995
472,ARB04065_USD,-2549225.0,900193.75,-574.65,0.0,-1168.85,0.0,0.0,0.0,0.0,-1743.5
473,ARB04066_USD,-55730.0,-90615.0,-364.5,0.0,-748.51,0.0,0.0,0.0,0.0,-1113.01
474,ARB04067_USD,-833652.0,-9522.0,-223.2,0.0,-459.46000000000004,0.0,0.0,0.0,0.0,-682.6600000000001
475,ARB04068_USD,153612.5,-363437.5,-823.5,0.0,-1692.7,0.0,0.0,0.0,0.0,-2516.2
476,ARB04069_USD,152000.0,47481.25,-268.95,0.0,-567.62,0.0,0.0,0.0,0.0,-836.5699999999999
477,ARB04070_USD,-103325.0,150162.5,-159.0,0.0,-330.08,0.0,0.0,0.0,0.0,-489.08
478,ARB04073_USD,-6284.2,0.0,-33.3,0.0,-773.52,0.0,0.0,0.0,0.0,-806.8199999999999
479,ARB04074_USD,21453.04,0.0,-94.94999999999999,0.0,-151.92,0.0,0.0,0.0,0.0,-246.86999999999998
480,ARB04075_USD,-1947.92,0.0,-26.25,0.0,-32.19,0.0,0.0,0.0,0.0,-58.44
481,ARB04077_USD,-1020.0,0.0,-2.1,0.0,-10.5,0.0,0.0,0.0,0.0,-12.6
482,ARB04078_USD,3520.0,0.0,-11.1,0.0,-55.5,0.0,0.0,0.0,0.0,-66.6
483,ARB04079_USD,-1730.0,0.0,-5.7,0.0,-28.5,0.0,0.0,0.0,0.0,-34.2
484,ARB04080_USD,5410.139999999963,0.0,-1918.95,0.0,-3904.39,0.0,0.0,0.0,0.0,-5823.34
485,ARB04081_USD,-6250.0,0.0,-268.2,0.0,-607.9200000000001,0.0,0.0,0.0,0.0,-876.1200000000001
486,ARB04082_USD,-1839.05,0.0,-90.6,0.0,-30.2,0.0,0.0,0.0,0.0,-120.8
487,ARB04083_USD,-2772.25,0.0,-9.9,0.0,-8.16,0.0,0.0,0.0,0.0,-18.060000000000002
488,ARB04085_USD,-7884.75,0.0,-79.5,0.0,-50.08,0.0,0.0,0.0,0.0,-129.57999999999998
489,ARB04086_USD,51880.67,0.0,-20766.0,0.0,-33029.0,0.0,0.0,0.0,0.0,-53795.0
490,ARB04087_USD,-11157.61,0.0,-4948.95,0.0,-8995.960000000001,0.0,0.0,0.0,0.0,-13944.91
491,ARB04088_USD,0.0,2120.0,-64.5,0.0,-154.79999999999998,0.0,0.0,0.0,0.0,-219.29999999999998
492,ARB04091_USD,1112.5,0.0,-63.0,0.0,-168.0,0.0,0.0,0.0,0.0,-231.0
493,ARB04092_USD,2500.0,0.0,-22.2,0.0,-592.0,0.0,0.0,0.0,0.0,-614.2
494,ARB04101_USD,-23828.0,0.0,-30.15,0.0,-145.52,0.0,0.0,0.0,0.0,-175.67000000000002
495,ARB04102_USD,-4355.799999999999,0.0,-291.15,0.0,-1422.01,0.0,0.0,0.0,0.0,-1713.1599999999999
496,ARB04103_USD,1022.5,0.0,-759.0,0.0,-2962.9,0.0,0.0,0.0,0.0,-3721.9
497,ARB04104_USD,-860.3999999999996,0.0,-518.25,0.0,-1890.37,0.0,0.0,0.0,0.0,-2408.62
498,ARB04105_USD,13312.0,0.0,-687.6,0.0,-2567.04,0.0,0.0,0.0,0.0,-3254.64
499,ARB04106_USD,-55484.5,0.0,-1111.8,0.0,-4150.28,0.0,0.0,0.0,0.0,-5262.08
500,ARB04108_USD,309713.9700000005,0.0,-3420.3,0.0,-5684.63,0.0,0.0,0.0,0.0,-9104.93
501,ARB04110_USD,5651.5,0.0,-121.65,0.0,-556.57,0.0,0.0,0.0,0.0,-678.22
502,ARB04111_USD,-39316.16,0.0,-1775.1000000000001,0.0,-2384.46,0.0,0.0,0.0,0.0,-4159.56
503,ARB04112_USD,-19151.25,0.0,-213.3,0.0,-113.75999999999999,0.0,0.0,0.0,0.0,-327.06
504,ARB04113_USD,51863.0,0.0,-300.9,0.0,-1108.0,0.0,0.0,0.0,0.0,-1408.9
505,ARB04114_USD,11524.33999999892,0.0,-1518.1499999999999,0.0,-2456.6800000000003,0.0,0.0,0.0,0.0,-3974.83
506,ARB04115_USD,-600.0,0.0,-21.599999999999998,0.0,-106.48,0.0,0.0,0.0,0.0,-128.08
507,ARB04116_USD,-34723.0,62033.0,-967.5,0.0,-3186.5499999999997,0.0,0.0,0.0,0.0,-4154.049999999999
508,ARB04117_USD,0.0,69514.5,-336.0,0.0,-813.54,0.0,0.0,0.0,0.0,-1149.54
509,ARB04118_USD,15794.4,0.0,-144.3,0.0,-599.28,0.0,0.0,0.0,0.0,-743.5799999999999
510,ARB04119_USD,80.0,2940.0,-51.9,0.0,-134.37,0.0,0.0,0.0,0.0,-186.27
511,ARB04120_USD,1875.0,0.0,-24.0,0.0,-89.6,0.0,0.0,0.0,0.0,-113.6
512,ARB04121_USD,-6490.0,0.0,-287.40000000000003,0.0,-395.3,0.0,0.0,0.0,0.0,-682.7
513,ARB04122_USD,1570.8,0.0,-26.7,0.0,-150.7,0.0,0.0,0.0,0.0,-177.39999999999998
514,ARB04157_USD,25.0,0.0,-110.1,0.0,-424.16,0.0,0.0,0.0,0.0,-534.26
515,ARB04158_USD,25.0,0.0,-0.3,0.0,-1.12,0.0,0.0,0.0,0.0,-1.4200000000000002
516,ARB04159_USD,-87.5,0.0,-2.1,0.0,-7.84,0.0,0.0,0.0,0.0,-9.94
517,ARB04160_USD,-587.5,0.0,-29.099999999999998,0.0,-108.64,0.0,0.0,0.0,0.0,-137.74
518,ARB04161_USD,-1882.5,0.0,-120.89999999999999,0.0,-451.36,0.0,0.0,0.0,0.0,-572.26
519,ARB04162_USD,100.0,0.0,-6.9,0.0,-25.759999999999998,0.0,0.0,0.0,0.0,-32.66
520,ARB04164_USD,-8994.0,0.0,-368.1,0.0,-493.46,0.0,0.0,0.0,0.0,-861.56
521,ARB04165_USD,-3354.5100000000093,0.0,-184.5,0.0,-250.32000000000002,0.0,0.0,0.0,0.0,-434.82000000000005
522,ARB04166_USD,-27114.43,0.0,-362.4,0.0,-498.99,0.0,0.0,0.0,0.0,-861.39
523,ARB04167_USD,14534.79,0.0,-329.4,0.0,-460.59000000000003,0.0,0.0,0.0,0.0,-789.99
524,ARB04168_USD,2974.5899999999997,0.0,-543.6,0.0,-716.0999999999999,0.0,0.0,0.0,0.0,-1259.6999999999998
525,ARB04336_USD,-6.13,0.0,0.0,0.0,0.0,0.0,0.0,0.0,0.0,0.0
526,ARB04345_USD,-9504.17,0.0,-112.0,-18.42,-166.01,0.0,0.0,0.0,0.0,-296.43
527,ARB04348_CAD,-56262.0,0.0,0.0,0.0,0.0,0.0,0.0,0.0,0.0,0.0
528,ARB04348_EUR,0.0,0.0,-18.9,0.0,0.0,0.0,0.0,0.0,0.0,-18.9
529,ARB04348_GBP,-77860.0,0.0,0.0,-69.3,-29.439999999999998,0.0,0.0,0.0,0.0,-98.74
530,ARB04348_USD,160403.0,0.0,-113.7,-132.0,-628.9,0.0,0.0,0.0,0.0,-874.5999999999999
531,ARB04357_EUR,1093.75,0.0,-55.35,0.0,0.0,0.0,0.0,0.0,0.0,-55.35
532,ARB04357_GBP,0.0,0.0,0.0,-73.8,-29.52,0.0,0.0,0.0,0.0,-103.32
533,ARB04384_EUR,712.5,0.0,-219.9,0.0,0.0,0.0,0.0,0.0,0.0,-219.9
534,ARB04384_GBP,837.5,0.0,0.0,-469.59999999999997,-142.48,0.0,0.0,0.0,0.0,-612.0799999999999
535,ARB04384_USD,1665.0,0.0,-276.0,-1053.6,-668.08,0.0,0.0,0.0,0.0,-1997.6799999999998
536,ARB04388_USD,-38004.0,0.0,-5.1,-0.86,-34.480000000000004,0.0,0.0,0.0,0.0,-40.440000000000005
537,ARB04395_EUR,87225.0,0.0,-25873.5,0.0,0.0,0.0,0.0,0.0,0.0,-25873.5
538,ARB04395_GBP,0.0,0.0,0.0,-34498.0,-13799.2,0.0,0.0,0.0,0.0,-48297.2
539,ARB04395_USD,0.0,0.0,0.0,0.0,0.0,0.0,0.0,-1714.27,0.0,-1714.27
540,ARB04396_EUR,0.0,0.0,-14249.55,0.0,0.0,0.0,0.0,0.0,0.0,-14249.55
541,ARB04396_GBP,284037.5,0.0,0.0,-20692.56,-10081.64,0.0,0.0,0.0,0.0,-30774.2
542,ARB04396_USD,0.0,0.0,0.0,0.0,0.0,0.0,0.0,-1204.94,0.0,-1204.94
543,ARB04401_USD,12035.0,0.0,-52.65,-210.03,-99.14000000000001,0.0,0.0,0.0,0.0,-361.82000000000005
544,ARB04402_USD,314800.0,0.0,-512.7,-2050.8,-957.04,0.0,0.0,0.0,0.0,-3520.54
545,ARB04403_USD,4766.0,0.0,-60.6,0.0,-848.4,0.0,0.0,0.0,0.0,-909.0
546,ARB04404_EUR,0.0,0.0,-4.8,0.0,0.0,0.0,0.0,0.0,0.0,-4.8
547,ARB04404_GBP,320.0,0.0,0.0,-17.6,-7.68,0.0,0.0,0.0,0.0,-25.28
548,ARB04404_USD,-39845.2,0.0,-372.0,-1248.0,-1422.4,0.0,0.0,0.0,0.0,-3042.4
549,ARB04405_CAD,12226.0,0.0,0.0,0.0,0.0,0.0,0.0,0.0,0.0,0.0
550,ARB04405_USD,-2840.0,0.0,-64.8,0.0,-527.2,0.0,0.0,0.0,0.0,-592.0
551,ARB04406_CAD,5170.0,0.0,0.0,0.0,0.0,0.0,0.0,0.0,0.0,0.0
552,ARB04406_EUR,0.0,0.0,-2.4,0.0,0.0,0.0,0.0,0.0,0.0,-2.4
553,ARB04406_GBP,-620.0,0.0,0.0,-8.8,-3.84,0.0,0.0,0.0,0.0,-12.64
554,ARB04406_USD,117850.0,0.0,-334.8,-774.0,-1259.4,0.0,0.0,0.0,0.0,-2368.2
555,ARB04408_EUR,4106.25,0.0,-481.2,0.0,0.0,0.0,0.0,0.0,0.0,-481.2
556,ARB04408_GBP,1962.5,0.0,0.0,-1009.8000000000001,-309.24,0.0,0.0,0.0,0.0,-1319.04
557,ARB04410_USD,59000.0,0.0,-499.8,-1999.2,-932.96,0.0,0.0,0.0,0.0,-3431.96
558,ARB04413_EUR,0.0,0.0,-2.7,0.0,0.0,0.0,0.0,0.0,0.0,-2.7
559,ARB04413_GBP,340.0,0.0,0.0,-9.9,-4.32,0.0,0.0,0.0,0.0,-14.22
560,ARB04413_USD,10223.2,0.0,-132.3,0.0,-1852.2,0.0,0.0,0.0,0.0,-1984.5
561,ARB04415_USD,980.0,0.0,-147.0,-571.2,-325.36,0.0,0.0,0.0,0.0,-1043.56
562,ARB04418_USD,-4630.0,0.0,-123.30000000000001,-493.20000000000005,-230.16,0.0,0.0,0.0,0.0,-846.66
563,ARB04420_USD,3550.4,0.0,-16.2,0.0,-226.8,0.0,0.0,0.0,0.0,-243.0
564,ARB04422_USD,360.0,0.0,-15.9,-63.6,-29.68,0.0,0.0,0.0,0.0,-109.18
565,ARB04451_EUR,0.0,0.0,-255.9,0.0,0.0,0.0,0.0,0.0,0.0,-255.9
566,ARB04451_GBP,-3160.0,0.0,0.0,-938.3,-409.44,0.0,0.0,0.0,0.0,-1347.74
567,ARB04451_USD,24160.0,0.0,-430.8,-1005.6,-2980.88,0.0,0.0,0.0,0.0,-4417.280000000001
568,ARB04452_EUR,0.0,0.0,-226.8,0.0,0.0,0.0,0.0,0.0,0.0,-226.8
569,ARB04452_GBP,1930.0,0.0,0.0,-831.6,-362.88,0.0,0.0,0.0,0.0,-1194.48
570,ARB04452_USD,-750.0,0.0,-420.90000000000003,-1166.4,-2354.52,0.0,0.0,0.0,0.0,-3941.82
571,ARB04454_EUR,0.0,0.0,-270.0,0.0,0.0,0.0,0.0,0.0,0.0,-270.0
572,ARB04454_GBP,660.0,0.0,0.0,-990.0,-432.0,0.0,0.0,0.0,0.0,-1422.0
573,ARB04454_USD,-1450.0,0.0,-690.6,-2332.8,-2592.24,0.0,0.0,0.0,0.0,-5615.639999999999
574,ARB04459_CAD,-160.0,0.0,0.0,0.0,0.0,0.0,0.0,0.0,0.0,0.0
575,ARB04459_USD,0.0,0.0,-2.7,0.0,-15.3,0.0,0.0,0.0,0.0,-18.0
576,ARB04464_USD,-90.0,0.0,-3.6,-0.6,-27.36,0.0,0.0,0.0,0.0,-31.56
577,ARB04465_USD,-360.0,0.0,-13.8,-2.3,-104.88,0.0,0.0,0.0,0.0,-120.97999999999999
578,ARB04466_USD,290.0,0.0,-19.8,-3.3,-150.48,0.0,0.0,0.0,0.0,-173.57999999999998
579,ARB04467_USD,310.0,0.0,-16.8,-2.8,-127.68,0.0,0.0,0.0,0.0,-147.28
580,ARB04468_USD,150.0,0.0,-2.7,-0.45,-20.52,0.0,0.0,0.0,0.0,-23.67
581,ARB05057_EUR,43818.75,0.0,0.0,0.0,0.0,0.0,0.0,0.0,0.0,0.0
582,ARB05057_USD,0.0,0.0,-1281.45,0.0,-1623.17,0.0,0.0,0.0,0.0,-2904.62
583,ARB05357_EUR,-3428823.75,0.0,-159553.65,0.0,0.0,0.0,0.0,0.0,0.0,-159553.65
584,ARB05357_GBP,0.0,0.0,0.0,-212738.84,-85094.64,0.0,0.0,0.0,0.0,-297833.48
585,ARB06057_USD,418661.22000000044,0.0,-2733.75,0.0,-4108.42,0.0,0.0,0.0,0.0,-6842.17
586,ARB06357_USD,-1040.0,0.0,-809.55,-134.97,-1834.98,0.0,0.0,0.0,0.0,-2779.5
