,DONOTIMPORT,JOURNAL,DATE,REVERSEDATE,DESCRIPTION,REFERENCE_NO,SOURCEENTITY,LINE_NO,ACCT_NO,LOCATION_ID,DEPT_ID,GLENTRY_CLASSID,GLENTRY_PROJECTID,DOCUMENT,MEMO,DEBIT,CREDIT,CURRENCY,EXCH_RATE_DATE,EXCH_RATE_TYPE_ID,EXCHANGE_RATE,GLENTRY_CUSTOMERID,GLENTRY_VENDORID,GLENTRY_EMPLOYEEID,GLENTRY_ITEMID,ALLOCATION_ID
ARB00020_USD,,,,,"Wedbush_Trading gain (loss), net_20260525",,,,12100,,,ARB00020_USD,,,,17045.4,,,,,,,,,,
ARB00054_USD,,,,,"Wedbush_Trading gain (loss), net_20260525",,,,12100,,,ARB00054_USD,,,,,22.639999999999418,,,,,,,,,
ARB00055_USD,,,,,"Wedbush_Trading gain (loss), net_20260525",,,,12100,,,ARB00055_USD,,,,,4085.7500000000055,,,,,,,,,
ARB00068_USD,,,,,"Wedbush_Trading gain (loss), net_20260525",,,,12100,,,ARB00068_USD,,,,,50936.330000000016,,,,,,,,,
ARB00090_USD,,,,,"Wedbush_Trading gain (loss), net_20260525",,,,12100,,,ARB00090_USD,,,,,13415.24,,,,,,,,,
ARB00110_USD,,,,,"Wedbush_Trading gain (loss), net_20260525",,,,12100,,,ARB00110_USD,,,,,4809.0,,,,,,,,,
ARB00112_USD,,,,,"Wedbush_Trading gain (loss), net_20260525",,,,12100,,,ARB00112_USD,,,,727.0,,,,,,,,,,
ARB00113_USD,,,,,"Wedbush_Trading gain (loss), net_20260525",,,,12100,,,ARB00113_USD,,,,,209.32000000000016,,,,,,,,,
ARB00122_USD,,,,,"Wedbush_Trading gain (loss), net_20260525",,,,12100,,,ARB00122_USD,,,,,9738.27,,,,,,,,,
ARB00123_USD,,,,,"Wedbush_Trading gain (loss), net_20260525",,,,12100,,,ARB00123_USD,,,,,49544.54000000001,,,,,,,,,
ARB00124_USD,,,,,"Wedbush_Trading gain (loss), net_20260525",,,,12100,,,ARB00124_USD,,,,,18262.52,,,,,,,,,
ARB00126_USD,,,,,"Wedbush_Trading gain (loss), net_20260525",,,,12100,,,ARB00126_USD,,,,,40.91000000000008,,,,,,,,,
ARB00132_USD,,,,,"Wedbush_Trading gain (loss), net_20260525",,,,12100,,,ARB00132_USD,,,,5051.080000000002,,,,,,,,,,
ARB00135_USD,,,,,"Wedbush_Trading gain (loss), net_20260525",,,,12100,,,ARB00135_USD,,,,,7581.86,,,,,,,,,
ARB00143_USD,,,,,"Wedbush_Trading gain (loss), net_20260525",,,,12100,,,ARB00143_USD,,,,2791.95,,,,,,,,,,
ARB00146_USD,,,,,"Wedbush_Trading gain (loss), net_20260525",,,,12100,,,ARB00146_USD,,,,,10558.6,,,,,,,,,
ARB00149_USD,,,,,"Wedbush_Trading gain (loss), net_20260525",,,,12100,,,ARB00149_USD,,,,7735.78,,,,,,,,,,
ARB00156_USD,,,,,"Wedbush_Trading gain (loss), net_20260525",,,,12100,,,ARB00156_USD,,,,63287.359999999986,,,,,,,,,,
ARB00160_USD,,,,,"Wedbush_Trading gain (loss), net_20260525",,,,12100,,,ARB00160_USD,,,,,284.97,,,,,,,,,
ARB00161_USD,,,,,"Wedbush_Trading gain (loss), net_20260525",,,,12100,,,ARB00161_USD,,,,,13378.07,,,,,,,,,
ARB00169_USD,,,,,"Wedbush_Trading gain (loss), net_20260525",,,,12100,,,ARB00169_USD,,,,5344.810000000005,,,,,,,,,,
ARB00186_USD,,,,,"Wedbush_Trading gain (loss), net_20260525",,,,12100,,,ARB00186_USD,,,,502.52000000000044,,,,,,,,,,
ARB00188_USD,,,,,"Wedbush_Trading gain (loss), net_20260525",,,,12100,,,ARB00188_USD,,,,,3878.5499999999993,,,,,,,,,
ARB00193_USD,,,,,"Wedbush_Trading gain (loss), net_20260525",,,,12100,,,ARB00193_USD,,,,,13655.570000000007,,,,,,,,,
ARB00194_USD,,,,,"Wedbush_Trading gain (loss), net_20260525",,,,12100,,,ARB00194_USD,,,,16825.149999999994,,,,,,,,,,
ARB00214_USD,,,,,"Wedbush_Trading gain (loss), net_20260525",,,,12100,,,ARB00214_USD,,,,807.17,,,,,,,,,,
ARB00215_USD,,,,,"Wedbush_Trading gain (loss), net_20260525",,,,12100,,,ARB00215_USD,,,,1487.6800000000003,,,,,,,,,,
ARB00220_USD,,,,,"Wedbush_Trading gain (loss), net_20260525",,,,12100,,,ARB00220_USD,,,,2688.01,,,,,,,,,,
ARB00257_USD,,,,,"Wedbush_Trading gain (loss), net_20260525",,,,12100,,,ARB00257_USD,,,,5125.51,,,,,,,,,,
ARB00267_USD,,,,,"Wedbush_Trading gain (loss), net_20260525",,,,12100,,,ARB00267_USD,,,,2448.2299999999996,,,,,,,,,,
ARB00311_USD,,,,,"Wedbush_Trading gain (loss), net_20260525",,,,12100,,,ARB00311_USD,,,,4346.78,,,,,,,,,,
ARB00320_EUR,,,,,"Wedbush_Trading gain (loss), net_20260525",,,,12100,,,ARB00320_EUR,,,,6205.1,,,,,,,,,,
ARB00320_GBP,,,,,"Wedbush_Trading gain (loss), net_20260525",,,,12100,,,ARB00320_GBP,,,,4534.32,,,,,,,,,,
ARB00354_USD,,,,,"Wedbush_Trading gain (loss), net_20260525",,,,12100,,,ARB00354_USD,,,,7024.35,,,,,,,,,,
ARB00355_EUR,,,,,"Wedbush_Trading gain (loss), net_20260525",,,,12100,,,ARB00355_EUR,,,,623.6999999999998,,,,,,,,,,
ARB00355_GBP,,,,,"Wedbush_Trading gain (loss), net_20260525",,,,12100,,,ARB00355_GBP,,,,,805.88,,,,,,,,,
ARB00390_CAD,,,,,"Wedbush_Trading gain (loss), net_20260525",,,,12100,,,ARB00390_CAD,,,,,1450.0,,,,,,,,,
ARB00390_USD,,,,,"Wedbush_Trading gain (loss), net_20260525",,,,12100,,,ARB00390_USD,,,,,107909.16,,,,,,,,,
ARB00410_EUR,,,,,"Wedbush_Trading gain (loss), net_20260525",,,,12100,,,ARB00410_EUR,,,,,2.4,,,,,,,,,
ARB00410_GBP,,,,,"Wedbush_Trading gain (loss), net_20260525",,,,12100,,,ARB00410_GBP,,,,,47.480000000000004,,,,,,,,,
ARB00412_EUR,,,,,"Wedbush_Trading gain (loss), net_20260525",,,,12100,,,ARB00412_EUR,,,,631.8,,,,,,,,,,
ARB00412_GBP,,,,,"Wedbush_Trading gain (loss), net_20260525",,,,12100,,,ARB00412_GBP,,,,,2232.36,,,,,,,,,
ARB00412_USD,,,,,"Wedbush_Trading gain (loss), net_20260525",,,,12100,,,ARB00412_USD,,,,,109.28999999999996,,,,,,,,,
ARB00422_EUR,,,,,"Wedbush_Trading gain (loss), net_20260525",,,,12100,,,ARB00422_EUR,,,,,4.8,,,,,,,,,
ARB00422_GBP,,,,,"Wedbush_Trading gain (loss), net_20260525",,,,12100,,,ARB00422_GBP,,,,,184.98,,,,,,,,,
ARB00422_USD,,,,,"Wedbush_Trading gain (loss), net_20260525",,,,12100,,,ARB00422_USD,,,,4078.0700000000015,,,,,,,,,,
ARB00423_CAD,,,,,"Wedbush_Trading gain (loss), net_20260525",,,,12100,,,ARB00423_CAD,,,,,4864.0,,,,,,,,,
ARB00423_EUR,,,,,"Wedbush_Trading gain (loss), net_20260525",,,,12100,,,ARB00423_EUR,,,,,6.6,,,,,,,,,
ARB00423_GBP,,,,,"Wedbush_Trading gain (loss), net_20260525",,,,12100,,,ARB00423_GBP,,,,,34.32,,,,,,,,,
ARB00423_USD,,,,,"Wedbush_Trading gain (loss), net_20260525",,,,12100,,,ARB00423_USD,,,,40339.81999999999,,,,,,,,,,
ARB00424_CAD,,,,,"Wedbush_Trading gain (loss), net_20260525",,,,12100,,,ARB00424_CAD,,,,,4576.0,,,,,,,,,
ARB00424_EUR,,,,,"Wedbush_Trading gain (loss), net_20260525",,,,12100,,,ARB00424_EUR,,,,,84.45,,,,,,,,,
ARB00424_GBP,,,,,"Wedbush_Trading gain (loss), net_20260525",,,,12100,,,ARB00424_GBP,,,,,9872.21,,,,,,,,,
ARB00424_USD,,,,,"Wedbush_Trading gain (loss), net_20260525",,,,12100,,,ARB00424_USD,,,,38512.74000000002,,,,,,,,,,
ARB00425_EUR,,,,,"Wedbush_Trading gain (loss), net_20260525",,,,12100,,,ARB00425_EUR,,,,,101.1,,,,,,,,,
ARB00425_GBP,,,,,"Wedbush_Trading gain (loss), net_20260525",,,,12100,,,ARB00425_GBP,,,,5238.66,,,,,,,,,,
ARB00425_USD,,,,,"Wedbush_Trading gain (loss), net_20260525",,,,12100,,,ARB00425_USD,,,,,24877.980000000003,,,,,,,,,
ARB00426_EUR,,,,,"Wedbush_Trading gain (loss), net_20260525",,,,12100,,,ARB00426_EUR,,,,,31.05,,,,,,,,,
ARB00426_GBP,,,,,"Wedbush_Trading gain (loss), net_20260525",,,,12100,,,ARB00426_GBP,,,,5466.93,,,,,,,,,,
ARB00426_USD,,,,,"Wedbush_Trading gain (loss), net_20260525",,,,12100,,,ARB00426_USD,,,,,5089.850000000006,,,,,,,,,
ARB00432_EUR,,,,,"Wedbush_Trading gain (loss), net_20260525",,,,12100,,,ARB00432_EUR,,,,2005.6999999999998,,,,,,,,,,
ARB00432_GBP,,,,,"Wedbush_Trading gain (loss), net_20260525",,,,12100,,,ARB00432_GBP,,,,,1941.56,,,,,,,,,
ARB00432_USD,,,,,"Wedbush_Trading gain (loss), net_20260525",,,,12100,,,ARB00432_USD,,,,192.13,,,,,,,,,,
ARB00435_EUR,,,,,"Wedbush_Trading gain (loss), net_20260525",,,,12100,,,ARB00435_EUR,,,,,3.9,,,,,,,,,
ARB00435_GBP,,,,,"Wedbush_Trading gain (loss), net_20260525",,,,12100,,,ARB00435_GBP,,,,,20.28,,,,,,,,,
ARB00435_USD,,,,,"Wedbush_Trading gain (loss), net_20260525",,,,12100,,,ARB00435_USD,,,,,1696.6500000000015,,,,,,,,,
ARB00442_USD,,,,,"Wedbush_Trading gain (loss), net_20260525",,,,12100,,,ARB00442_USD,,,,230.0,,,,,,,,,,
ARB00443_USD,,,,,"Wedbush_Trading gain (loss), net_20260525",,,,12100,,,ARB00443_USD,,,,199.5999999999999,,,,,,,,,,
ARB00446_EUR,,,,,"Wedbush_Trading gain (loss), net_20260525",,,,12100,,,ARB00446_EUR,,,,,68.1,,,,,,,,,
ARB00446_GBP,,,,,"Wedbush_Trading gain (loss), net_20260525",,,,12100,,,ARB00446_GBP,,,,,1156.1200000000008,,,,,,,,,
ARB00446_USD,,,,,"Wedbush_Trading gain (loss), net_20260525",,,,12100,,,ARB00446_USD,,,,,2518.529999999999,,,,,,,,,
ARB00449_EUR,,,,,"Wedbush_Trading gain (loss), net_20260525",,,,12100,,,ARB00449_EUR,,,,,13.8,,,,,,,,,
ARB00449_GBP,,,,,"Wedbush_Trading gain (loss), net_20260525",,,,12100,,,ARB00449_GBP,,,,207.92000000000002,,,,,,,,,,
ARB00449_USD,,,,,"Wedbush_Trading gain (loss), net_20260525",,,,12100,,,ARB00449_USD,,,,9768.070000000014,,,,,,,,,,
ARB00456_EUR,,,,,"Wedbush_Trading gain (loss), net_20260525",,,,12100,,,ARB00456_EUR,,,,,558.6,,,,,,,,,
ARB00456_GBP,,,,,"Wedbush_Trading gain (loss), net_20260525",,,,12100,,,ARB00456_GBP,,,,,1493.8600000000001,,,,,,,,,
ARB00456_USD,,,,,"Wedbush_Trading gain (loss), net_20260525",,,,12100,,,ARB00456_USD,,,,17214.19,,,,,,,,,,
ARB00460_CAD,,,,,"Wedbush_Trading gain (loss), net_20260525",,,,12100,,,ARB00460_CAD,,,,,3240.0,,,,,,,,,
ARB00460_USD,,,,,"Wedbush_Trading gain (loss), net_20260525",,,,12100,,,ARB00460_USD,,,,1854.0,,,,,,,,,,
ARB00461_CAD,,,,,"Wedbush_Trading gain (loss), net_20260525",,,,12100,,,ARB00461_CAD,,,,,1532.0,,,,,,,,,
ARB00461_USD,,,,,"Wedbush_Trading gain (loss), net_20260525",,,,12100,,,ARB00461_USD,,,,,4130.98,,,,,,,,,
ARB00469_CAD,,,,,"Wedbush_Trading gain (loss), net_20260525",,,,12100,,,ARB00469_CAD,,,,14844.0,,,,,,,,,,
ARB00469_EUR,,,,,"Wedbush_Trading gain (loss), net_20260525",,,,12100,,,ARB00469_EUR,,,,,35.55,,,,,,,,,
ARB00469_GBP,,,,,"Wedbush_Trading gain (loss), net_20260525",,,,12100,,,ARB00469_GBP,,,,,8995.87,,,,,,,,,
ARB00469_USD,,,,,"Wedbush_Trading gain (loss), net_20260525",,,,12100,,,ARB00469_USD,,,,2821.0500000000006,,,,,,,,,,
ARB00486_EUR,,,,,"Wedbush_Trading gain (loss), net_20260525",,,,12100,,,ARB00486_EUR,,,,,1.5,,,,,,,,,
ARB00486_GBP,,,,,"Wedbush_Trading gain (loss), net_20260525",,,,12100,,,ARB00486_GBP,,,,,7.8,,,,,,,,,
ARB00486_USD,,,,,"Wedbush_Trading gain (loss), net_20260525",,,,12100,,,ARB00486_USD,,,,,9407.14,,,,,,,,,
ARB00488_USD,,,,,"Wedbush_Trading gain (loss), net_20260525",,,,12100,,,ARB00488_USD,,,,,1222.12,,,,,,,,,
ARB00493_CAD,,,,,"Wedbush_Trading gain (loss), net_20260525",,,,12100,,,ARB00493_CAD,,,,,6196.0,,,,,,,,,
ARB00493_EUR,,,,,"Wedbush_Trading gain (loss), net_20260525",,,,12100,,,ARB00493_EUR,,,,,42.15,,,,,,,,,
ARB00493_GBP,,,,,"Wedbush_Trading gain (loss), net_20260525",,,,12100,,,ARB00493_GBP,,,,240.82,,,,,,,,,,
ARB00493_USD,,,,,"Wedbush_Trading gain (loss), net_20260525",,,,12100,,,ARB00493_USD,,,,16714.019999999997,,,,,,,,,,
ARB00494_CAD,,,,,"Wedbush_Trading gain (loss), net_20260525",,,,12100,,,ARB00494_CAD,,,,,2566.0,,,,,,,,,
ARB00494_EUR,,,,,"Wedbush_Trading gain (loss), net_20260525",,,,12100,,,ARB00494_EUR,,,,,25.65,,,,,,,,,
ARB00494_GBP,,,,,"Wedbush_Trading gain (loss), net_20260525",,,,12100,,,ARB00494_GBP,,,,2675.4400000000005,,,,,,,,,,
ARB00494_USD,,,,,"Wedbush_Trading gain (loss), net_20260525",,,,12100,,,ARB00494_USD,,,,15725.949999999997,,,,,,,,,,
ARB00503_EUR,,,,,"Wedbush_Trading gain (loss), net_20260525",,,,12100,,,ARB00503_EUR,,,,,6.0,,,,,,,,,
ARB00503_GBP,,,,,"Wedbush_Trading gain (loss), net_20260525",,,,12100,,,ARB00503_GBP,,,,,31.2,,,,,,,,,
ARB00503_USD,,,,,"Wedbush_Trading gain (loss), net_20260525",,,,12100,,,ARB00503_USD,,,,5000.51,,,,,,,,,,
ARB00514_EUR,,,,,"Wedbush_Trading gain (loss), net_20260525",,,,12100,,,ARB00514_EUR,,,,,12.0,,,,,,,,,
ARB00514_GBP,,,,,"Wedbush_Trading gain (loss), net_20260525",,,,12100,,,ARB00514_GBP,,,,35.7,,,,,,,,,,
ARB00520_USD,,,,,"Wedbush_Trading gain (loss), net_20260525",,,,12100,,,ARB00520_USD,,,,,59.0,,,,,,,,,
ARB00567_EUR,,,,,"Wedbush_Trading gain (loss), net_20260525",,,,12100,,,ARB00567_EUR,,,,,53.699999999999996,,,,,,,,,
ARB00567_GBP,,,,,"Wedbush_Trading gain (loss), net_20260525",,,,12100,,,ARB00567_GBP,,,,628.4,,,,,,,,,,
ARB00567_USD,,,,,"Wedbush_Trading gain (loss), net_20260525",,,,12100,,,ARB00567_USD,,,,3658.869999999999,,,,,,,,,,
ARB00754_USD,,,,,"Wedbush_Trading gain (loss), net_20260525",,,,12100,,,ARB00754_USD,,,,,28156.340000013188,,,,,,,,,
ARB00765_USD,,,,,"Wedbush_Trading gain (loss), net_20260525",,,,12100,,,ARB00765_USD,,,,13401.64,,,,,,,,,,
ARB01002_USD,,,,,"Wedbush_Trading gain (loss), net_20260525",,,,12100,,,ARB01002_USD,,,,41055.57,,,,,,,,,,
ARB01057_MXN,,,,,"Wedbush_Trading gain (loss), net_20260525",,,,12100,,,ARB01057_MXN,,,,262430.0,,,,,,,,,,
ARB01057_USD,,,,,"Wedbush_Trading gain (loss), net_20260525",,,,12100,,,ARB01057_USD,,,,,457323.38000000024,,,,,,,,,
ARB01063_USD,,,,,"Wedbush_Trading gain (loss), net_20260525",,,,12100,,,ARB01063_USD,,,,,11501.86,,,,,,,,,
ARB01064_USD,,,,,"Wedbush_Trading gain (loss), net_20260525",,,,12100,,,ARB01064_USD,,,,,13877.09,,,,,,,,,
ARB01065_USD,,,,,"Wedbush_Trading gain (loss), net_20260525",,,,12100,,,ARB01065_USD,,,,13498.41,,,,,,,,,,
ARB01066_USD,,,,,"Wedbush_Trading gain (loss), net_20260525",,,,12100,,,ARB01066_USD,,,,,1109.98,,,,,,,,,
ARB01067_USD,,,,,"Wedbush_Trading gain (loss), net_20260525",,,,12100,,,ARB01067_USD,,,,1082.0,,,,,,,,,,
ARB01071_USD,,,,,"Wedbush_Trading gain (loss), net_20260525",,,,12100,,,ARB01071_USD,,,,,3949.8399999999965,,,,,,,,,
ARB01073_USD,,,,,"Wedbush_Trading gain (loss), net_20260525",,,,12100,,,ARB01073_USD,,,,,9253.790000000003,,,,,,,,,
ARB01076_USD,,,,,"Wedbush_Trading gain (loss), net_20260525",,,,12100,,,ARB01076_USD,,,,,3136.8099999999986,,,,,,,,,
ARB01078_USD,,,,,"Wedbush_Trading gain (loss), net_20260525",,,,12100,,,ARB01078_USD,,,,23296.96,,,,,,,,,,
ARB01092_USD,,,,,"Wedbush_Trading gain (loss), net_20260525",,,,12100,,,ARB01092_USD,,,,15171.450000002675,,,,,,,,,,
ARB01100_USD,,,,,"Wedbush_Trading gain (loss), net_20260525",,,,12100,,,ARB01100_USD,,,,,6826.719999999999,,,,,,,,,
ARB01117_USD,,,,,"Wedbush_Trading gain (loss), net_20260525",,,,12100,,,ARB01117_USD,,,,,792.04,,,,,,,,,
ARB01129_USD,,,,,"Wedbush_Trading gain (loss), net_20260525",,,,12100,,,ARB01129_USD,,,,,2657.9199999999983,,,,,,,,,
ARB01145_USD,,,,,"Wedbush_Trading gain (loss), net_20260525",,,,12100,,,ARB01145_USD,,,,,23150.940000000002,,,,,,,,,
ARB01157_USD,,,,,"Wedbush_Trading gain (loss), net_20260525",,,,12100,,,ARB01157_USD,,,,14479.55,,,,,,,,,,
ARB01158_USD,,,,,"Wedbush_Trading gain (loss), net_20260525",,,,12100,,,ARB01158_USD,,,,184593.14,,,,,,,,,,
ARB01166_USD,,,,,"Wedbush_Trading gain (loss), net_20260525",,,,12100,,,ARB01166_USD,,,,,10058.16,,,,,,,,,
ARB01172_USD,,,,,"Wedbush_Trading gain (loss), net_20260525",,,,12100,,,ARB01172_USD,,,,,8809.42,,,,,,,,,
ARB01176_USD,,,,,"Wedbush_Trading gain (loss), net_20260525",,,,12100,,,ARB01176_USD,,,,40300.1,,,,,,,,,,
ARB01177_USD,,,,,"Wedbush_Trading gain (loss), net_20260525",,,,12100,,,ARB01177_USD,,,,,2368.05,,,,,,,,,
ARB01195_USD,,,,,"Wedbush_Trading gain (loss), net_20260525",,,,12100,,,ARB01195_USD,,,,,2697.32,,,,,,,,,
ARB01357_CHF,,,,,"Wedbush_Trading gain (loss), net_20260525",,,,12100,,,ARB01357_CHF,,,,,2425.0,,,,,,,,,
ARB01357_EUR,,,,,"Wedbush_Trading gain (loss), net_20260525",,,,12100,,,ARB01357_EUR,,,,9215.900000023841,,,,,,,,,,
ARB01357_GBP,,,,,"Wedbush_Trading gain (loss), net_20260525",,,,12100,,,ARB01357_GBP,,,,,5651.91000000597,,,,,,,,,
ARB01357_USD,,,,,"Wedbush_Trading gain (loss), net_20260525",,,,12100,,,ARB01357_USD,,,,305659.15,,,,,,,,,,
ARB01400_EUR,,,,,"Wedbush_Trading gain (loss), net_20260525",,,,12100,,,ARB01400_EUR,,,,,185.4,,,,,,,,,
ARB01400_GBP,,,,,"Wedbush_Trading gain (loss), net_20260525",,,,12100,,,ARB01400_GBP,,,,,964.0799999999999,,,,,,,,,
ARB01400_USD,,,,,"Wedbush_Trading gain (loss), net_20260525",,,,12100,,,ARB01400_USD,,,,6605.229999999997,,,,,,,,,,
ARB01417_EUR,,,,,"Wedbush_Trading gain (loss), net_20260525",,,,12100,,,ARB01417_EUR,,,,,95.39999999999999,,,,,,,,,
ARB01417_GBP,,,,,"Wedbush_Trading gain (loss), net_20260525",,,,12100,,,ARB01417_GBP,,,,561.0,,,,,,,,,,
ARB01417_USD,,,,,"Wedbush_Trading gain (loss), net_20260525",,,,12100,,,ARB01417_USD,,,,,27323.840000000004,,,,,,,,,
ARB01445_EUR,,,,,"Wedbush_Trading gain (loss), net_20260525",,,,12100,,,ARB01445_EUR,,,,13125.099999999999,,,,,,,,,,
ARB01445_GBP,,,,,"Wedbush_Trading gain (loss), net_20260525",,,,12100,,,ARB01445_GBP,,,,,1959.9400000000005,,,,,,,,,
ARB01457_CAD,,,,,"Wedbush_Trading gain (loss), net_20260525",,,,12100,,,ARB01457_CAD,,,,1732.0,,,,,,,,,,
ARB01457_USD,,,,,"Wedbush_Trading gain (loss), net_20260525",,,,12100,,,ARB01457_USD,,,,11343.95,,,,,,,,,,
ARB01458_CAD,,,,,"Wedbush_Trading gain (loss), net_20260525",,,,12100,,,ARB01458_CAD,,,,,318.0,,,,,,,,,
ARB01458_USD,,,,,"Wedbush_Trading gain (loss), net_20260525",,,,12100,,,ARB01458_USD,,,,5219.630000000005,,,,,,,,,,
ARB01466_CAD,,,,,"Wedbush_Trading gain (loss), net_20260525",,,,12100,,,ARB01466_CAD,,,,1884.0,,,,,,,,,,
ARB01466_USD,,,,,"Wedbush_Trading gain (loss), net_20260525",,,,12100,,,ARB01466_USD,,,,,974.0000000000001,,,,,,,,,
ARB01472_CAD,,,,,"Wedbush_Trading gain (loss), net_20260525",,,,12100,,,ARB01472_CAD,,,,1220.0,,,,,,,,,,
ARB01472_USD,,,,,"Wedbush_Trading gain (loss), net_20260525",,,,12100,,,ARB01472_USD,,,,,340.0,,,,,,,,,
ARB01476_USD,,,,,"Wedbush_Trading gain (loss), net_20260525",,,,12100,,,ARB01476_USD,,,,,12205.550000000003,,,,,,,,,
ARB01602_USD,,,,,"Wedbush_Trading gain (loss), net_20260525",,,,12100,,,ARB01602_USD,,,,,83.21,,,,,,,,,
ARB01606_USD,,,,,"Wedbush_Trading gain (loss), net_20260525",,,,12100,,,ARB01606_USD,,,,,0.1,,,,,,,,,
ARB02012_USD,,,,,"Wedbush_Trading gain (loss), net_20260525",,,,12100,,,ARB02012_USD,,,,,137807.52000000002,,,,,,,,,
ARB02040_USD,,,,,"Wedbush_Trading gain (loss), net_20260525",,,,12100,,,ARB02040_USD,,,,,826.99,,,,,,,,,
ARB02043_USD,,,,,"Wedbush_Trading gain (loss), net_20260525",,,,12100,,,ARB02043_USD,,,,,17329.420000000013,,,,,,,,,
ARB02044_USD,,,,,"Wedbush_Trading gain (loss), net_20260525",,,,12100,,,ARB02044_USD,,,,221833.68,,,,,,,,,,
ARB02045_USD,,,,,"Wedbush_Trading gain (loss), net_20260525",,,,12100,,,ARB02045_USD,,,,,10621.09,,,,,,,,,
ARB02047_USD,,,,,"Wedbush_Trading gain (loss), net_20260525",,,,12100,,,ARB02047_USD,,,,,4468.529999999999,,,,,,,,,
ARB02052_USD,,,,,"Wedbush_Trading gain (loss), net_20260525",,,,12100,,,ARB02052_USD,,,,,39272.13,,,,,,,,,
ARB02055_USD,,,,,"Wedbush_Trading gain (loss), net_20260525",,,,12100,,,ARB02055_USD,,,,596.0099999999966,,,,,,,,,,
ARB02076_USD,,,,,"Wedbush_Trading gain (loss), net_20260525",,,,12100,,,ARB02076_USD,,,,,89287.81,,,,,,,,,
ARB02102_USD,,,,,"Wedbush_Trading gain (loss), net_20260525",,,,12100,,,ARB02102_USD,,,,,2414.220000000001,,,,,,,,,
ARB02103_USD,,,,,"Wedbush_Trading gain (loss), net_20260525",,,,12100,,,ARB02103_USD,,,,70512.03,,,,,,,,,,
ARB02116_USD,,,,,"Wedbush_Trading gain (loss), net_20260525",,,,12100,,,ARB02116_USD,,,,,11183.21,,,,,,,,,
ARB02118_USD,,,,,"Wedbush_Trading gain (loss), net_20260525",,,,12100,,,ARB02118_USD,,,,1699.54,,,,,,,,,,
ARB02121_USD,,,,,"Wedbush_Trading gain (loss), net_20260525",,,,12100,,,ARB02121_USD,,,,883.6800000000001,,,,,,,,,,
ARB02129_USD,,,,,"Wedbush_Trading gain (loss), net_20260525",,,,12100,,,ARB02129_USD,,,,,4558.690000000002,,,,,,,,,
ARB02132_USD,,,,,"Wedbush_Trading gain (loss), net_20260525",,,,12100,,,ARB02132_USD,,,,,44835.89,,,,,,,,,
ARB02135_USD,,,,,"Wedbush_Trading gain (loss), net_20260525",,,,12100,,,ARB02135_USD,,,,,23601.55,,,,,,,,,
ARB02136_USD,,,,,"Wedbush_Trading gain (loss), net_20260525",,,,12100,,,ARB02136_USD,,,,3229.92,,,,,,,,,,
ARB02145_USD,,,,,"Wedbush_Trading gain (loss), net_20260525",,,,12100,,,ARB02145_USD,,,,,2013.32,,,,,,,,,
ARB02147_USD,,,,,"Wedbush_Trading gain (loss), net_20260525",,,,12100,,,ARB02147_USD,,,,45272.520000000004,,,,,,,,,,
ARB02149_USD,,,,,"Wedbush_Trading gain (loss), net_20260525",,,,12100,,,ARB02149_USD,,,,4881.02,,,,,,,,,,
ARB02152_USD,,,,,"Wedbush_Trading gain (loss), net_20260525",,,,12100,,,ARB02152_USD,,,,,3313.0599999999995,,,,,,,,,
ARB02154_USD,,,,,"Wedbush_Trading gain (loss), net_20260525",,,,12100,,,ARB02154_USD,,,,,64637.16,,,,,,,,,
ARB02156_USD,,,,,"Wedbush_Trading gain (loss), net_20260525",,,,12100,,,ARB02156_USD,,,,141.48000000000002,,,,,,,,,,
ARB02158_USD,,,,,"Wedbush_Trading gain (loss), net_20260525",,,,12100,,,ARB02158_USD,,,,3560.2000000000007,,,,,,,,,,
ARB02167_USD,,,,,"Wedbush_Trading gain (loss), net_20260525",,,,12100,,,ARB02167_USD,,,,,79122.44,,,,,,,,,
ARB02168_USD,,,,,"Wedbush_Trading gain (loss), net_20260525",,,,12100,,,ARB02168_USD,,,,,391.68000000000006,,,,,,,,,
ARB02173_USD,,,,,"Wedbush_Trading gain (loss), net_20260525",,,,12100,,,ARB02173_USD,,,,44484.94,,,,,,,,,,
ARB02176_USD,,,,,"Wedbush_Trading gain (loss), net_20260525",,,,12100,,,ARB02176_USD,,,,144492.75,,,,,,,,,,
ARB02177_USD,,,,,"Wedbush_Trading gain (loss), net_20260525",,,,12100,,,ARB02177_USD,,,,,1753.5800000000017,,,,,,,,,
ARB02179_USD,,,,,"Wedbush_Trading gain (loss), net_20260525",,,,12100,,,ARB02179_USD,,,,23105.14,,,,,,,,,,
ARB02180_USD,,,,,"Wedbush_Trading gain (loss), net_20260525",,,,12100,,,ARB02180_USD,,,,25793.0,,,,,,,,,,
ARB02181_USD,,,,,"Wedbush_Trading gain (loss), net_20260525",,,,12100,,,ARB02181_USD,,,,45930.41,,,,,,,,,,
ARB02182_USD,,,,,"Wedbush_Trading gain (loss), net_20260525",,,,12100,,,ARB02182_USD,,,,12363.330000000002,,,,,,,,,,
ARB02183_USD,,,,,"Wedbush_Trading gain (loss), net_20260525",,,,12100,,,ARB02183_USD,,,,2514.6399999999994,,,,,,,,,,
ARB02184_USD,,,,,"Wedbush_Trading gain (loss), net_20260525",,,,12100,,,ARB02184_USD,,,,102098.32,,,,,,,,,,
ARB02185_USD,,,,,"Wedbush_Trading gain (loss), net_20260525",,,,12100,,,ARB02185_USD,,,,1181.06,,,,,,,,,,
ARB02187_USD,,,,,"Wedbush_Trading gain (loss), net_20260525",,,,12100,,,ARB02187_USD,,,,250.55999999999995,,,,,,,,,,
ARB02188_USD,,,,,"Wedbush_Trading gain (loss), net_20260525",,,,12100,,,ARB02188_USD,,,,4103.6,,,,,,,,,,
ARB02190_USD,,,,,"Wedbush_Trading gain (loss), net_20260525",,,,12100,,,ARB02190_USD,,,,2077.76,,,,,,,,,,
ARB02191_USD,,,,,"Wedbush_Trading gain (loss), net_20260525",,,,12100,,,ARB02191_USD,,,,893.61,,,,,,,,,,
ARB02196_USD,,,,,"Wedbush_Trading gain (loss), net_20260525",,,,12100,,,ARB02196_USD,,,,2341.5,,,,,,,,,,
ARB02342_EUR,,,,,"Wedbush_Trading gain (loss), net_20260525",,,,12100,,,ARB02342_EUR,,,,,8.4,,,,,,,,,
ARB02342_GBP,,,,,"Wedbush_Trading gain (loss), net_20260525",,,,12100,,,ARB02342_GBP,,,,87.6,,,,,,,,,,
ARB02343_EUR,,,,,"Wedbush_Trading gain (loss), net_20260525",,,,12100,,,ARB02343_EUR,,,,155766.49,,,,,,,,,,
ARB02343_GBP,,,,,"Wedbush_Trading gain (loss), net_20260525",,,,12100,,,ARB02343_GBP,,,,,149744.4,,,,,,,,,
ARB02343_USD,,,,,"Wedbush_Trading gain (loss), net_20260525",,,,12100,,,ARB02343_USD,,,,31624.060000000005,,,,,,,,,,
ARB02345_EUR,,,,,"Wedbush_Trading gain (loss), net_20260525",,,,12100,,,ARB02345_EUR,,,,,6.9,,,,,,,,,
ARB02345_GBP,,,,,"Wedbush_Trading gain (loss), net_20260525",,,,12100,,,ARB02345_GBP,,,,,4993.0,,,,,,,,,
ARB02355_USD,,,,,"Wedbush_Trading gain (loss), net_20260525",,,,12100,,,ARB02355_USD,,,,1464.5400000000002,,,,,,,,,,
ARB02376_EUR,,,,,"Wedbush_Trading gain (loss), net_20260525",,,,12100,,,ARB02376_EUR,,,,,515.7,,,,,,,,,
ARB02376_GBP,,,,,"Wedbush_Trading gain (loss), net_20260525",,,,12100,,,ARB02376_GBP,,,,7694.8,,,,,,,,,,
ARB02402_USD,,,,,"Wedbush_Trading gain (loss), net_20260525",,,,12100,,,ARB02402_USD,,,,252.5,,,,,,,,,,
ARB02416_EUR,,,,,"Wedbush_Trading gain (loss), net_20260525",,,,12100,,,ARB02416_EUR,,,,,20.4,,,,,,,,,
ARB02416_GBP,,,,,"Wedbush_Trading gain (loss), net_20260525",,,,12100,,,ARB02416_GBP,,,,473.52,,,,,,,,,,
ARB02416_USD,,,,,"Wedbush_Trading gain (loss), net_20260525",,,,12100,,,ARB02416_USD,,,,4269.799999999999,,,,,,,,,,
ARB02418_EUR,,,,,"Wedbush_Trading gain (loss), net_20260525",,,,12100,,,ARB02418_EUR,,,,,96.15,,,,,,,,,
ARB02418_GBP,,,,,"Wedbush_Trading gain (loss), net_20260525",,,,12100,,,ARB02418_GBP,,,,1516.6,,,,,,,,,,
ARB02418_USD,,,,,"Wedbush_Trading gain (loss), net_20260525",,,,12100,,,ARB02418_USD,,,,,4496.0,,,,,,,,,
ARB02421_EUR,,,,,"Wedbush_Trading gain (loss), net_20260525",,,,12100,,,ARB02421_EUR,,,,126.0,,,,,,,,,,
ARB02421_GBP,,,,,"Wedbush_Trading gain (loss), net_20260525",,,,12100,,,ARB02421_GBP,,,,,1173.8,,,,,,,,,
ARB02421_USD,,,,,"Wedbush_Trading gain (loss), net_20260525",,,,12100,,,ARB02421_USD,,,,744.64,,,,,,,,,,
ARB02429_CAD,,,,,"Wedbush_Trading gain (loss), net_20260525",,,,12100,,,ARB02429_CAD,,,,,550.0,,,,,,,,,
ARB02429_EUR,,,,,"Wedbush_Trading gain (loss), net_20260525",,,,12100,,,ARB02429_EUR,,,,,8.7,,,,,,,,,
ARB02429_GBP,,,,,"Wedbush_Trading gain (loss), net_20260525",,,,12100,,,ARB02429_GBP,,,,,10615.82,,,,,,,,,
ARB02429_USD,,,,,"Wedbush_Trading gain (loss), net_20260525",,,,12100,,,ARB02429_USD,,,,26494.469999999987,,,,,,,,,,
ARB02432_CAD,,,,,"Wedbush_Trading gain (loss), net_20260525",,,,12100,,,ARB02432_CAD,,,,,8000.0,,,,,,,,,
ARB02432_USD,,,,,"Wedbush_Trading gain (loss), net_20260525",,,,12100,,,ARB02432_USD,,,,,1374.6000000000001,,,,,,,,,
ARB02435_CAD,,,,,"Wedbush_Trading gain (loss), net_20260525",,,,12100,,,ARB02435_CAD,,,,3452.0,,,,,,,,,,
ARB02435_USD,,,,,"Wedbush_Trading gain (loss), net_20260525",,,,12100,,,ARB02435_USD,,,,,919.0,,,,,,,,,
ARB02436_EUR,,,,,"Wedbush_Trading gain (loss), net_20260525",,,,12100,,,ARB02436_EUR,,,,,336.3,,,,,,,,,
ARB02436_GBP,,,,,"Wedbush_Trading gain (loss), net_20260525",,,,12100,,,ARB02436_GBP,,,,1169.48,,,,,,,,,,
ARB02436_USD,,,,,"Wedbush_Trading gain (loss), net_20260525",,,,12100,,,ARB02436_USD,,,,1584.4199999999983,,,,,,,,,,
ARB02445_USD,,,,,"Wedbush_Trading gain (loss), net_20260525",,,,12100,,,ARB02445_USD,,,,,21860.25,,,,,,,,,
ARB02447_CAD,,,,,"Wedbush_Trading gain (loss), net_20260525",,,,12100,,,ARB02447_CAD,,,,2406.0,,,,,,,,,,
ARB02447_USD,,,,,"Wedbush_Trading gain (loss), net_20260525",,,,12100,,,ARB02447_USD,,,,,235.82000000000016,,,,,,,,,
ARB02449_EUR,,,,,"Wedbush_Trading gain (loss), net_20260525",,,,12100,,,ARB02449_EUR,,,,,57.0,,,,,,,,,
ARB02449_GBP,,,,,"Wedbush_Trading gain (loss), net_20260525",,,,12100,,,ARB02449_GBP,,,,113.30000000000001,,,,,,,,,,
ARB02449_USD,,,,,"Wedbush_Trading gain (loss), net_20260525",,,,12100,,,ARB02449_USD,,,,7617.27,,,,,,,,,,
ARB02452_USD,,,,,"Wedbush_Trading gain (loss), net_20260525",,,,12100,,,ARB02452_USD,,,,,1112.0,,,,,,,,,
ARB02454_EUR,,,,,"Wedbush_Trading gain (loss), net_20260525",,,,12100,,,ARB02454_EUR,,,,,41.4,,,,,,,,,
ARB02454_GBP,,,,,"Wedbush_Trading gain (loss), net_20260525",,,,12100,,,ARB02454_GBP,,,,,755.54,,,,,,,,,
ARB02454_USD,,,,,"Wedbush_Trading gain (loss), net_20260525",,,,12100,,,ARB02454_USD,,,,,680.9500000000116,,,,,,,,,
ARB02456_EUR,,,,,"Wedbush_Trading gain (loss), net_20260525",,,,12100,,,ARB02456_EUR,,,,,10.05,,,,,,,,,
ARB02456_GBP,,,,,"Wedbush_Trading gain (loss), net_20260525",,,,12100,,,ARB02456_GBP,,,,,72.3,,,,,,,,,
ARB02456_USD,,,,,"Wedbush_Trading gain (loss), net_20260525",,,,12100,,,ARB02456_USD,,,,7181.350000000002,,,,,,,,,,
ARB02458_USD,,,,,"Wedbush_Trading gain (loss), net_20260525",,,,12100,,,ARB02458_USD,,,,,2956.7700000000004,,,,,,,,,
ARB02463_USD,,,,,"Wedbush_Trading gain (loss), net_20260525",,,,12100,,,ARB02463_USD,,,,1968.2500000000073,,,,,,,,,,
ARB02473_EUR,,,,,"Wedbush_Trading gain (loss), net_20260525",,,,12100,,,ARB02473_EUR,,,,,263.35,,,,,,,,,
ARB02473_GBP,,,,,"Wedbush_Trading gain (loss), net_20260525",,,,12100,,,ARB02473_GBP,,,,184.1,,,,,,,,,,
ARB02473_USD,,,,,"Wedbush_Trading gain (loss), net_20260525",,,,12100,,,ARB02473_USD,,,,,7797.080000000002,,,,,,,,,
ARB02476_EUR,,,,,"Wedbush_Trading gain (loss), net_20260525",,,,12100,,,ARB02476_EUR,,,,,4861.8,,,,,,,,,
ARB02476_GBP,,,,,"Wedbush_Trading gain (loss), net_20260525",,,,12100,,,ARB02476_GBP,,,,,24378.70000000001,,,,,,,,,
ARB02476_USD,,,,,"Wedbush_Trading gain (loss), net_20260525",,,,12100,,,ARB02476_USD,,,,288055.92,,,,,,,,,,
ARB02477_CAD,,,,,"Wedbush_Trading gain (loss), net_20260525",,,,12100,,,ARB02477_CAD,,,,658.0,,,,,,,,,,
ARB02477_USD,,,,,"Wedbush_Trading gain (loss), net_20260525",,,,12100,,,ARB02477_USD,,,,,906.14,,,,,,,,,
ARB02479_CAD,,,,,"Wedbush_Trading gain (loss), net_20260525",,,,12100,,,ARB02479_CAD,,,,874.0,,,,,,,,,,
ARB02479_USD,,,,,"Wedbush_Trading gain (loss), net_20260525",,,,12100,,,ARB02479_USD,,,,,1644.7800000000025,,,,,,,,,
ARB02480_CAD,,,,,"Wedbush_Trading gain (loss), net_20260525",,,,12100,,,ARB02480_CAD,,,,1216.0,,,,,,,,,,
ARB02480_USD,,,,,"Wedbush_Trading gain (loss), net_20260525",,,,12100,,,ARB02480_USD,,,,2410.74,,,,,,,,,,
ARB02481_CAD,,,,,"Wedbush_Trading gain (loss), net_20260525",,,,12100,,,ARB02481_CAD,,,,3898.0,,,,,,,,,,
ARB02481_USD,,,,,"Wedbush_Trading gain (loss), net_20260525",,,,12100,,,ARB02481_USD,,,,,838.94,,,,,,,,,
ARB02482_CAD,,,,,"Wedbush_Trading gain (loss), net_20260525",,,,12100,,,ARB02482_CAD,,,,716.0,,,,,,,,,,
ARB02482_USD,,,,,"Wedbush_Trading gain (loss), net_20260525",,,,12100,,,ARB02482_USD,,,,,271.0,,,,,,,,,
ARB02483_CAD,,,,,"Wedbush_Trading gain (loss), net_20260525",,,,12100,,,ARB02483_CAD,,,,5328.0,,,,,,,,,,
ARB02483_USD,,,,,"Wedbush_Trading gain (loss), net_20260525",,,,12100,,,ARB02483_USD,,,,,689.6799999999998,,,,,,,,,
ARB02484_CAD,,,,,"Wedbush_Trading gain (loss), net_20260525",,,,12100,,,ARB02484_CAD,,,,,5342.0,,,,,,,,,
ARB02484_EUR,,,,,"Wedbush_Trading gain (loss), net_20260525",,,,12100,,,ARB02484_EUR,,,,,0.3,,,,,,,,,
ARB02484_GBP,,,,,"Wedbush_Trading gain (loss), net_20260525",,,,12100,,,ARB02484_GBP,,,,98.41999999999996,,,,,,,,,,
ARB02484_USD,,,,,"Wedbush_Trading gain (loss), net_20260525",,,,12100,,,ARB02484_USD,,,,,20489.559999999998,,,,,,,,,
ARB02485_EUR,,,,,"Wedbush_Trading gain (loss), net_20260525",,,,12100,,,ARB02485_EUR,,,,,113.25,,,,,,,,,
ARB02485_GBP,,,,,"Wedbush_Trading gain (loss), net_20260525",,,,12100,,,ARB02485_GBP,,,,4318.24,,,,,,,,,,
ARB02485_USD,,,,,"Wedbush_Trading gain (loss), net_20260525",,,,12100,,,ARB02485_USD,,,,13443.47,,,,,,,,,,
ARB02488_USD,,,,,"Wedbush_Trading gain (loss), net_20260525",,,,12100,,,ARB02488_USD,,,,8830.2,,,,,,,,,,
ARB02491_CAD,,,,,"Wedbush_Trading gain (loss), net_20260525",,,,12100,,,ARB02491_CAD,,,,258.0,,,,,,,,,,
ARB02491_EUR,,,,,"Wedbush_Trading gain (loss), net_20260525",,,,12100,,,ARB02491_EUR,,,,,36.9,,,,,,,,,
ARB02491_GBP,,,,,"Wedbush_Trading gain (loss), net_20260525",,,,12100,,,ARB02491_GBP,,,,1466.1,,,,,,,,,,
ARB02491_USD,,,,,"Wedbush_Trading gain (loss), net_20260525",,,,12100,,,ARB02491_USD,,,,,1787.2,,,,,,,,,
ARB03003_USD,,,,,"Wedbush_Trading gain (loss), net_20260525",,,,12100,,,ARB03003_USD,,,,,14519.5,,,,,,,,,
ARB03022_USD,,,,,"Wedbush_Trading gain (loss), net_20260525",,,,12100,,,ARB03022_USD,,,,58964.26000000001,,,,,,,,,,
ARB03032_USD,,,,,"Wedbush_Trading gain (loss), net_20260525",,,,12100,,,ARB03032_USD,,,,,5109.619999999999,,,,,,,,,
ARB03033_USD,,,,,"Wedbush_Trading gain (loss), net_20260525",,,,12100,,,ARB03033_USD,,,,2403.040000000001,,,,,,,,,,
ARB03035_USD,,,,,"Wedbush_Trading gain (loss), net_20260525",,,,12100,,,ARB03035_USD,,,,97.4,,,,,,,,,,
ARB03037_USD,,,,,"Wedbush_Trading gain (loss), net_20260525",,,,12100,,,ARB03037_USD,,,,,2810.779999999999,,,,,,,,,
ARB03038_USD,,,,,"Wedbush_Trading gain (loss), net_20260525",,,,12100,,,ARB03038_USD,,,,16023.54,,,,,,,,,,
ARB03042_USD,,,,,"Wedbush_Trading gain (loss), net_20260525",,,,12100,,,ARB03042_USD,,,,,331.03999999999996,,,,,,,,,
ARB03043_USD,,,,,"Wedbush_Trading gain (loss), net_20260525",,,,12100,,,ARB03043_USD,,,,,2804.9500000000044,,,,,,,,,
ARB03046_USD,,,,,"Wedbush_Trading gain (loss), net_20260525",,,,12100,,,ARB03046_USD,,,,,613.9799999999996,,,,,,,,,
ARB03052_USD,,,,,"Wedbush_Trading gain (loss), net_20260525",,,,12100,,,ARB03052_USD,,,,14178.14,,,,,,,,,,
ARB03057_USD,,,,,"Wedbush_Trading gain (loss), net_20260525",,,,12100,,,ARB03057_USD,,,,,0.88,,,,,,,,,
ARB03060_USD,,,,,"Wedbush_Trading gain (loss), net_20260525",,,,12100,,,ARB03060_USD,,,,,232789.57,,,,,,,,,
ARB03062_USD,,,,,"Wedbush_Trading gain (loss), net_20260525",,,,12100,,,ARB03062_USD,,,,102052.32999999999,,,,,,,,,,
ARB03064_USD,,,,,"Wedbush_Trading gain (loss), net_20260525",,,,12100,,,ARB03064_USD,,,,,4447.799999999999,,,,,,,,,
ARB03065_USD,,,,,"Wedbush_Trading gain (loss), net_20260525",,,,12100,,,ARB03065_USD,,,,,37663.35000000009,,,,,,,,,
ARB03072_USD,,,,,"Wedbush_Trading gain (loss), net_20260525",,,,12100,,,ARB03072_USD,,,,2667.8499999999985,,,,,,,,,,
ARB03073_USD,,,,,"Wedbush_Trading gain (loss), net_20260525",,,,12100,,,ARB03073_USD,,,,8742.55,,,,,,,,,,
ARB03078_USD,,,,,"Wedbush_Trading gain (loss), net_20260525",,,,12100,,,ARB03078_USD,,,,,529.1999999999998,,,,,,,,,
ARB03079_USD,,,,,"Wedbush_Trading gain (loss), net_20260525",,,,12100,,,ARB03079_USD,,,,,100338.39999999998,,,,,,,,,
ARB03080_USD,,,,,"Wedbush_Trading gain (loss), net_20260525",,,,12100,,,ARB03080_USD,,,,,68499.44,,,,,,,,,
ARB03084_USD,,,,,"Wedbush_Trading gain (loss), net_20260525",,,,12100,,,ARB03084_USD,,,,1979.6399999999999,,,,,,,,,,
ARB03088_USD,,,,,"Wedbush_Trading gain (loss), net_20260525",,,,12100,,,ARB03088_USD,,,,,679.5,,,,,,,,,
ARB03090_USD,,,,,"Wedbush_Trading gain (loss), net_20260525",,,,12100,,,ARB03090_USD,,,,,7134.88,,,,,,,,,
ARB03093_USD,,,,,"Wedbush_Trading gain (loss), net_20260525",,,,12100,,,ARB03093_USD,,,,,5067.59,,,,,,,,,
ARB03096_USD,,,,,"Wedbush_Trading gain (loss), net_20260525",,,,12100,,,ARB03096_USD,,,,89.93,,,,,,,,,,
ARB03100_USD,,,,,"Wedbush_Trading gain (loss), net_20260525",,,,12100,,,ARB03100_USD,,,,422.68000000000006,,,,,,,,,,
ARB03102_USD,,,,,"Wedbush_Trading gain (loss), net_20260525",,,,12100,,,ARB03102_USD,,,,,6917.77,,,,,,,,,
ARB03103_USD,,,,,"Wedbush_Trading gain (loss), net_20260525",,,,12100,,,ARB03103_USD,,,,11363.51999999996,,,,,,,,,,
ARB03104_USD,,,,,"Wedbush_Trading gain (loss), net_20260525",,,,12100,,,ARB03104_USD,,,,7105.809999999998,,,,,,,,,,
ARB03105_USD,,,,,"Wedbush_Trading gain (loss), net_20260525",,,,12100,,,ARB03105_USD,,,,,104641.65999999997,,,,,,,,,
ARB03106_USD,,,,,"Wedbush_Trading gain (loss), net_20260525",,,,12100,,,ARB03106_USD,,,,,21524.830000000075,,,,,,,,,
ARB03107_USD,,,,,"Wedbush_Trading gain (loss), net_20260525",,,,12100,,,ARB03107_USD,,,,123270.64,,,,,,,,,,
ARB03108_USD,,,,,"Wedbush_Trading gain (loss), net_20260525",,,,12100,,,ARB03108_USD,,,,210080.83999999997,,,,,,,,,,
ARB03109_USD,,,,,"Wedbush_Trading gain (loss), net_20260525",,,,12100,,,ARB03109_USD,,,,,90309.94,,,,,,,,,
ARB03110_USD,,,,,"Wedbush_Trading gain (loss), net_20260525",,,,12100,,,ARB03110_USD,,,,,23909.4,,,,,,,,,
ARB03112_USD,,,,,"Wedbush_Trading gain (loss), net_20260525",,,,12100,,,ARB03112_USD,,,,18597.21,,,,,,,,,,
ARB03113_USD,,,,,"Wedbush_Trading gain (loss), net_20260525",,,,12100,,,ARB03113_USD,,,,,8323.460000000003,,,,,,,,,
ARB03115_USD,,,,,"Wedbush_Trading gain (loss), net_20260525",,,,12100,,,ARB03115_USD,,,,,1.6,,,,,,,,,
ARB03116_USD,,,,,"Wedbush_Trading gain (loss), net_20260525",,,,12100,,,ARB03116_USD,,,,2317.279999999999,,,,,,,,,,
ARB03122_USD,,,,,"Wedbush_Trading gain (loss), net_20260525",,,,12100,,,ARB03122_USD,,,,17159.08,,,,,,,,,,
ARB03125_USD,,,,,"Wedbush_Trading gain (loss), net_20260525",,,,12100,,,ARB03125_USD,,,,,21515.72,,,,,,,,,
ARB03133_USD,,,,,"Wedbush_Trading gain (loss), net_20260525",,,,12100,,,ARB03133_USD,,,,25320.190000000002,,,,,,,,,,
ARB03134_USD,,,,,"Wedbush_Trading gain (loss), net_20260525",,,,12100,,,ARB03134_USD,,,,1073.02,,,,,,,,,,
ARB03136_USD,,,,,"Wedbush_Trading gain (loss), net_20260525",,,,12100,,,ARB03136_USD,,,,646.36,,,,,,,,,,
ARB03139_USD,,,,,"Wedbush_Trading gain (loss), net_20260525",,,,12100,,,ARB03139_USD,,,,,143588.99,,,,,,,,,
ARB03141_USD,,,,,"Wedbush_Trading gain (loss), net_20260525",,,,12100,,,ARB03141_USD,,,,,20922.05,,,,,,,,,
ARB03142_USD,,,,,"Wedbush_Trading gain (loss), net_20260525",,,,12100,,,ARB03142_USD,,,,,10361.119999999995,,,,,,,,,
ARB03143_USD,,,,,"Wedbush_Trading gain (loss), net_20260525",,,,12100,,,ARB03143_USD,,,,,4602.619999999995,,,,,,,,,
ARB03144_USD,,,,,"Wedbush_Trading gain (loss), net_20260525",,,,12100,,,ARB03144_USD,,,,5184.119999999999,,,,,,,,,,
ARB03146_USD,,,,,"Wedbush_Trading gain (loss), net_20260525",,,,12100,,,ARB03146_USD,,,,2170.3199999999997,,,,,,,,,,
ARB03154_USD,,,,,"Wedbush_Trading gain (loss), net_20260525",,,,12100,,,ARB03154_USD,,,,130.04000000000002,,,,,,,,,,
ARB03156_USD,,,,,"Wedbush_Trading gain (loss), net_20260525",,,,12100,,,ARB03156_USD,,,,1331.42,,,,,,,,,,
ARB03157_USD,,,,,"Wedbush_Trading gain (loss), net_20260525",,,,12100,,,ARB03157_USD,,,,,1055.080000000009,,,,,,,,,
ARB03159_USD,,,,,"Wedbush_Trading gain (loss), net_20260525",,,,12100,,,ARB03159_USD,,,,,571.6500000000087,,,,,,,,,
ARB03168_USD,,,,,"Wedbush_Trading gain (loss), net_20260525",,,,12100,,,ARB03168_USD,,,,,2375.14,,,,,,,,,
ARB03174_USD,,,,,"Wedbush_Trading gain (loss), net_20260525",,,,12100,,,ARB03174_USD,,,,238.30000000000655,,,,,,,,,,
ARB03175_USD,,,,,"Wedbush_Trading gain (loss), net_20260525",,,,12100,,,ARB03175_USD,,,,,1002.0900000000001,,,,,,,,,
ARB03176_USD,,,,,"Wedbush_Trading gain (loss), net_20260525",,,,12100,,,ARB03176_USD,,,,443.69000000002416,,,,,,,,,,
ARB03185_USD,,,,,"Wedbush_Trading gain (loss), net_20260525",,,,12100,,,ARB03185_USD,,,,,27.75999999999999,,,,,,,,,
ARB03192_USD,,,,,"Wedbush_Trading gain (loss), net_20260525",,,,12100,,,ARB03192_USD,,,,,3594.739999999998,,,,,,,,,
ARB03360_EUR,,,,,"Wedbush_Trading gain (loss), net_20260525",,,,12100,,,ARB03360_EUR,,,,249719.75,,,,,,,,,,
ARB03360_GBP,,,,,"Wedbush_Trading gain (loss), net_20260525",,,,12100,,,ARB03360_GBP,,,,,100715.22999999998,,,,,,,,,
ARB03362_EUR,,,,,"Wedbush_Trading gain (loss), net_20260525",,,,12100,,,ARB03362_EUR,,,,,5094.799999999999,,,,,,,,,
ARB03362_GBP,,,,,"Wedbush_Trading gain (loss), net_20260525",,,,12100,,,ARB03362_GBP,,,,,20315.46,,,,,,,,,
ARB03362_USD,,,,,"Wedbush_Trading gain (loss), net_20260525",,,,12100,,,ARB03362_USD,,,,42557.22,,,,,,,,,,
ARB03372_USD,,,,,"Wedbush_Trading gain (loss), net_20260525",,,,12100,,,ARB03372_USD,,,,5383.32,,,,,,,,,,
ARB03373_USD,,,,,"Wedbush_Trading gain (loss), net_20260525",,,,12100,,,ARB03373_USD,,,,,108.32,,,,,,,,,
ARB03378_USD,,,,,"Wedbush_Trading gain (loss), net_20260525",,,,12100,,,ARB03378_USD,,,,26996.48,,,,,,,,,,
ARB03400_EUR,,,,,"Wedbush_Trading gain (loss), net_20260525",,,,12100,,,ARB03400_EUR,,,,,80.4,,,,,,,,,
ARB03400_GBP,,,,,"Wedbush_Trading gain (loss), net_20260525",,,,12100,,,ARB03400_GBP,,,,487.82,,,,,,,,,,
ARB03400_USD,,,,,"Wedbush_Trading gain (loss), net_20260525",,,,12100,,,ARB03400_USD,,,,,12514.39,,,,,,,,,
ARB03402_EUR,,,,,"Wedbush_Trading gain (loss), net_20260525",,,,12100,,,ARB03402_EUR,,,,,42.75,,,,,,,,,
ARB03402_GBP,,,,,"Wedbush_Trading gain (loss), net_20260525",,,,12100,,,ARB03402_GBP,,,,136.84,,,,,,,,,,
ARB03402_USD,,,,,"Wedbush_Trading gain (loss), net_20260525",,,,12100,,,ARB03402_USD,,,,,3217.9100000000035,,,,,,,,,
ARB03403_CAD,,,,,"Wedbush_Trading gain (loss), net_20260525",,,,12100,,,ARB03403_CAD,,,,7422.0,,,,,,,,,,
ARB03403_USD,,,,,"Wedbush_Trading gain (loss), net_20260525",,,,12100,,,ARB03403_USD,,,,27101.430000000008,,,,,,,,,,
ARB03404_CAD,,,,,"Wedbush_Trading gain (loss), net_20260525",,,,12100,,,ARB03404_CAD,,,,12.0,,,,,,,,,,
ARB03404_EUR,,,,,"Wedbush_Trading gain (loss), net_20260525",,,,12100,,,ARB03404_EUR,,,,,10.8,,,,,,,,,
ARB03404_GBP,,,,,"Wedbush_Trading gain (loss), net_20260525",,,,12100,,,ARB03404_GBP,,,,103.32,,,,,,,,,,
ARB03404_USD,,,,,"Wedbush_Trading gain (loss), net_20260525",,,,12100,,,ARB03404_USD,,,,646.4900000000016,,,,,,,,,,
ARB03405_CAD,,,,,"Wedbush_Trading gain (loss), net_20260525",,,,12100,,,ARB03405_CAD,,,,,886.0,,,,,,,,,
ARB03405_EUR,,,,,"Wedbush_Trading gain (loss), net_20260525",,,,12100,,,ARB03405_EUR,,,,,66.3,,,,,,,,,
ARB03405_GBP,,,,,"Wedbush_Trading gain (loss), net_20260525",,,,12100,,,ARB03405_GBP,,,,15893.419999999998,,,,,,,,,,
ARB03405_USD,,,,,"Wedbush_Trading gain (loss), net_20260525",,,,12100,,,ARB03405_USD,,,,155157.53000000003,,,,,,,,,,
ARB03406_CAD,,,,,"Wedbush_Trading gain (loss), net_20260525",,,,12100,,,ARB03406_CAD,,,,,7780.0,,,,,,,,,
ARB03406_EUR,,,,,"Wedbush_Trading gain (loss), net_20260525",,,,12100,,,ARB03406_EUR,,,,,44.1,,,,,,,,,
ARB03406_GBP,,,,,"Wedbush_Trading gain (loss), net_20260525",,,,12100,,,ARB03406_GBP,,,,,922.1599999999999,,,,,,,,,
ARB03406_USD,,,,,"Wedbush_Trading gain (loss), net_20260525",,,,12100,,,ARB03406_USD,,,,41230.52999999997,,,,,,,,,,
ARB03407_USD,,,,,"Wedbush_Trading gain (loss), net_20260525",,,,12100,,,ARB03407_USD,,,,15916.400000000001,,,,,,,,,,
ARB03408_CAD,,,,,"Wedbush_Trading gain (loss), net_20260525",,,,12100,,,ARB03408_CAD,,,,4118.0,,,,,,,,,,
ARB03408_EUR,,,,,"Wedbush_Trading gain (loss), net_20260525",,,,12100,,,ARB03408_EUR,,,,,32.099999999999994,,,,,,,,,
ARB03408_GBP,,,,,"Wedbush_Trading gain (loss), net_20260525",,,,12100,,,ARB03408_GBP,,,,,1418.56,,,,,,,,,
ARB03408_USD,,,,,"Wedbush_Trading gain (loss), net_20260525",,,,12100,,,ARB03408_USD,,,,516176.33,,,,,,,,,,
ARB03409_EUR,,,,,"Wedbush_Trading gain (loss), net_20260525",,,,12100,,,ARB03409_EUR,,,,,55.8,,,,,,,,,
ARB03409_GBP,,,,,"Wedbush_Trading gain (loss), net_20260525",,,,12100,,,ARB03409_GBP,,,,,2171.5699999999997,,,,,,,,,
ARB03409_USD,,,,,"Wedbush_Trading gain (loss), net_20260525",,,,12100,,,ARB03409_USD,,,,73210.48999999999,,,,,,,,,,
ARB03410_USD,,,,,"Wedbush_Trading gain (loss), net_20260525",,,,12100,,,ARB03410_USD,,,,87067.38,,,,,,,,,,
ARB03412_EUR,,,,,"Wedbush_Trading gain (loss), net_20260525",,,,12100,,,ARB03412_EUR,,,,,3.6,,,,,,,,,
ARB03412_GBP,,,,,"Wedbush_Trading gain (loss), net_20260525",,,,12100,,,ARB03412_GBP,,,,,18.72,,,,,,,,,
ARB03412_USD,,,,,"Wedbush_Trading gain (loss), net_20260525",,,,12100,,,ARB03412_USD,,,,12004.59,,,,,,,,,,
ARB03413_USD,,,,,"Wedbush_Trading gain (loss), net_20260525",,,,12100,,,ARB03413_USD,,,,,2463.04,,,,,,,,,
ARB03422_CAD,,,,,"Wedbush_Trading gain (loss), net_20260525",,,,12100,,,ARB03422_CAD,,,,134.0,,,,,,,,,,
ARB03422_USD,,,,,"Wedbush_Trading gain (loss), net_20260525",,,,12100,,,ARB03422_USD,,,,,421.6600000000017,,,,,,,,,
ARB03427_USD,,,,,"Wedbush_Trading gain (loss), net_20260525",,,,12100,,,ARB03427_USD,,,,,88.5,,,,,,,,,
ARB03433_EUR,,,,,"Wedbush_Trading gain (loss), net_20260525",,,,12100,,,ARB03433_EUR,,,,,33.6,,,,,,,,,
ARB03433_GBP,,,,,"Wedbush_Trading gain (loss), net_20260525",,,,12100,,,ARB03433_GBP,,,,,94.88,,,,,,,,,
ARB03433_USD,,,,,"Wedbush_Trading gain (loss), net_20260525",,,,12100,,,ARB03433_USD,,,,6649.630000000001,,,,,,,,,,
ARB03434_USD,,,,,"Wedbush_Trading gain (loss), net_20260525",,,,12100,,,ARB03434_USD,,,,658.52,,,,,,,,,,
ARB03435_USD,,,,,"Wedbush_Trading gain (loss), net_20260525",,,,12100,,,ARB03435_USD,,,,134.0,,,,,,,,,,
ARB03436_CAD,,,,,"Wedbush_Trading gain (loss), net_20260525",,,,12100,,,ARB03436_CAD,,,,190.0,,,,,,,,,,
ARB03436_EUR,,,,,"Wedbush_Trading gain (loss), net_20260525",,,,12100,,,ARB03436_EUR,,,,,3.3,,,,,,,,,
ARB03436_GBP,,,,,"Wedbush_Trading gain (loss), net_20260525",,,,12100,,,ARB03436_GBP,,,,,477.38,,,,,,,,,
ARB03436_USD,,,,,"Wedbush_Trading gain (loss), net_20260525",,,,12100,,,ARB03436_USD,,,,543.88,,,,,,,,,,
ARB03439_USD,,,,,"Wedbush_Trading gain (loss), net_20260525",,,,12100,,,ARB03439_USD,,,,122845.20000000001,,,,,,,,,,
ARB03441_EUR,,,,,"Wedbush_Trading gain (loss), net_20260525",,,,12100,,,ARB03441_EUR,,,,,959.0,,,,,,,,,
ARB03441_GBP,,,,,"Wedbush_Trading gain (loss), net_20260525",,,,12100,,,ARB03441_GBP,,,,,501.3,,,,,,,,,
ARB03442_USD,,,,,"Wedbush_Trading gain (loss), net_20260525",,,,12100,,,ARB03442_USD,,,,,650.5400000000009,,,,,,,,,
ARB03443_CAD,,,,,"Wedbush_Trading gain (loss), net_20260525",,,,12100,,,ARB03443_CAD,,,,,1386.0,,,,,,,,,
ARB03443_EUR,,,,,"Wedbush_Trading gain (loss), net_20260525",,,,12100,,,ARB03443_EUR,,,,,6.0,,,,,,,,,
ARB03443_GBP,,,,,"Wedbush_Trading gain (loss), net_20260525",,,,12100,,,ARB03443_GBP,,,,588.4,,,,,,,,,,
ARB03443_USD,,,,,"Wedbush_Trading gain (loss), net_20260525",,,,12100,,,ARB03443_USD,,,,2552.980000000003,,,,,,,,,,
ARB03446_EUR,,,,,"Wedbush_Trading gain (loss), net_20260525",,,,12100,,,ARB03446_EUR,,,,,9.3,,,,,,,,,
ARB03446_GBP,,,,,"Wedbush_Trading gain (loss), net_20260525",,,,12100,,,ARB03446_GBP,,,,541.02,,,,,,,,,,
ARB03446_USD,,,,,"Wedbush_Trading gain (loss), net_20260525",,,,12100,,,ARB03446_USD,,,,400.45,,,,,,,,,,
ARB03454_EUR,,,,,"Wedbush_Trading gain (loss), net_20260525",,,,12100,,,ARB03454_EUR,,,,,131.0,,,,,,,,,
ARB03454_GBP,,,,,"Wedbush_Trading gain (loss), net_20260525",,,,12100,,,ARB03454_GBP,,,,,11.2,,,,,,,,,
ARB03454_USD,,,,,"Wedbush_Trading gain (loss), net_20260525",,,,12100,,,ARB03454_USD,,,,731.86,,,,,,,,,,
ARB03457_EUR,,,,,"Wedbush_Trading gain (loss), net_20260525",,,,12100,,,ARB03457_EUR,,,,843.1,,,,,,,,,,
ARB03457_GBP,,,,,"Wedbush_Trading gain (loss), net_20260525",,,,12100,,,ARB03457_GBP,,,,,480.92,,,,,,,,,
ARB03457_USD,,,,,"Wedbush_Trading gain (loss), net_20260525",,,,12100,,,ARB03457_USD,,,,752.2,,,,,,,,,,
ARB03459_CHF,,,,,"Wedbush_Trading gain (loss), net_20260525",,,,12100,,,ARB03459_CHF,,,,,687.5,,,,,,,,,
ARB03459_EUR,,,,,"Wedbush_Trading gain (loss), net_20260525",,,,12100,,,ARB03459_EUR,,,,1558.7,,,,,,,,,,
ARB03459_GBP,,,,,"Wedbush_Trading gain (loss), net_20260525",,,,12100,,,ARB03459_GBP,,,,,820.54,,,,,,,,,
ARB03459_USD,,,,,"Wedbush_Trading gain (loss), net_20260525",,,,12100,,,ARB03459_USD,,,,,1055.13,,,,,,,,,
ARB03460_EUR,,,,,"Wedbush_Trading gain (loss), net_20260525",,,,12100,,,ARB03460_EUR,,,,,7.5,,,,,,,,,
ARB03460_GBP,,,,,"Wedbush_Trading gain (loss), net_20260525",,,,12100,,,ARB03460_GBP,,,,70.5,,,,,,,,,,
ARB03460_USD,,,,,"Wedbush_Trading gain (loss), net_20260525",,,,12100,,,ARB03460_USD,,,,279.0,,,,,,,,,,
ARB03468_CAD,,,,,"Wedbush_Trading gain (loss), net_20260525",,,,12100,,,ARB03468_CAD,,,,,1308.0,,,,,,,,,
ARB03468_USD,,,,,"Wedbush_Trading gain (loss), net_20260525",,,,12100,,,ARB03468_USD,,,,,50.0,,,,,,,,,
ARB03474_EUR,,,,,"Wedbush_Trading gain (loss), net_20260525",,,,12100,,,ARB03474_EUR,,,,208.80000000000018,,,,,,,,,,
ARB03474_GBP,,,,,"Wedbush_Trading gain (loss), net_20260525",,,,12100,,,ARB03474_GBP,,,,,30.240000000000002,,,,,,,,,
ARB03475_EUR,,,,,"Wedbush_Trading gain (loss), net_20260525",,,,12100,,,ARB03475_EUR,,,,631.6,,,,,,,,,,
ARB03475_GBP,,,,,"Wedbush_Trading gain (loss), net_20260525",,,,12100,,,ARB03475_GBP,,,,,197.67999999999998,,,,,,,,,
ARB03476_EUR,,,,,"Wedbush_Trading gain (loss), net_20260525",,,,12100,,,ARB03476_EUR,,,,409.70000000000005,,,,,,,,,,
ARB03476_GBP,,,,,"Wedbush_Trading gain (loss), net_20260525",,,,12100,,,ARB03476_GBP,,,,,98.56,,,,,,,,,
ARB03485_EUR,,,,,"Wedbush_Trading gain (loss), net_20260525",,,,12100,,,ARB03485_EUR,,,,,336.6,,,,,,,,,
ARB03485_GBP,,,,,"Wedbush_Trading gain (loss), net_20260525",,,,12100,,,ARB03485_GBP,,,,,1.0,,,,,,,,,
ARB03485_USD,,,,,"Wedbush_Trading gain (loss), net_20260525",,,,12100,,,ARB03485_USD,,,,847.11,,,,,,,,,,
ARB03489_EUR,,,,,"Wedbush_Trading gain (loss), net_20260525",,,,12100,,,ARB03489_EUR,,,,,280.95,,,,,,,,,
ARB03489_GBP,,,,,"Wedbush_Trading gain (loss), net_20260525",,,,12100,,,ARB03489_GBP,,,,,677.8700000000001,,,,,,,,,
ARB03489_USD,,,,,"Wedbush_Trading gain (loss), net_20260525",,,,12100,,,ARB03489_USD,,,,,1692.7699999999968,,,,,,,,,
ARB03492_CAD,,,,,"Wedbush_Trading gain (loss), net_20260525",,,,12100,,,ARB03492_CAD,,,,,16.0,,,,,,,,,
ARB03492_EUR,,,,,"Wedbush_Trading gain (loss), net_20260525",,,,12100,,,ARB03492_EUR,,,,,104.7,,,,,,,,,
ARB03492_GBP,,,,,"Wedbush_Trading gain (loss), net_20260525",,,,12100,,,ARB03492_GBP,,,,,3910.7000000000007,,,,,,,,,
ARB03492_USD,,,,,"Wedbush_Trading gain (loss), net_20260525",,,,12100,,,ARB03492_USD,,,,1477.0999999999985,,,,,,,,,,
ARB04021_USD,,,,,"Wedbush_Trading gain (loss), net_20260525",,,,12100,,,ARB04021_USD,,,,13844.58,,,,,,,,,,
ARB04023_USD,,,,,"Wedbush_Trading gain (loss), net_20260525",,,,12100,,,ARB04023_USD,,,,14281.16,,,,,,,,,,
ARB04024_USD,,,,,"Wedbush_Trading gain (loss), net_20260525",,,,12100,,,ARB04024_USD,,,,,4750.27,,,,,,,,,
ARB04029_USD,,,,,"Wedbush_Trading gain (loss), net_20260525",,,,12100,,,ARB04029_USD,,,,60359.55,,,,,,,,,,
ARB04031_USD,,,,,"Wedbush_Trading gain (loss), net_20260525",,,,12100,,,ARB04031_USD,,,,97722.76000000002,,,,,,,,,,
ARB04038_USD,,,,,"Wedbush_Trading gain (loss), net_20260525",,,,12100,,,ARB04038_USD,,,,10524.42,,,,,,,,,,
ARB04042_USD,,,,,"Wedbush_Trading gain (loss), net_20260525",,,,12100,,,ARB04042_USD,,,,22592.8,,,,,,,,,,
ARB04047_USD,,,,,"Wedbush_Trading gain (loss), net_20260525",,,,12100,,,ARB04047_USD,,,,30439.94,,,,,,,,,,
ARB04048_USD,,,,,"Wedbush_Trading gain (loss), net_20260525",,,,12100,,,ARB04048_USD,,,,,418490.3699999999,,,,,,,,,
ARB04049_USD,,,,,"Wedbush_Trading gain (loss), net_20260525",,,,12100,,,ARB04049_USD,,,,,9432.2,,,,,,,,,
ARB04052_USD,,,,,"Wedbush_Trading gain (loss), net_20260525",,,,12100,,,ARB04052_USD,,,,,5833.219999999999,,,,,,,,,
ARB04053_EUR,,,,,"Wedbush_Trading gain (loss), net_20260525",,,,12100,,,ARB04053_EUR,,,,13979.369999999999,,,,,,,,,,
ARB04053_GBP,,,,,"Wedbush_Trading gain (loss), net_20260525",,,,12100,,,ARB04053_GBP,,,,3550.959999999999,,,,,,,,,,
ARB04053_USD,,,,,"Wedbush_Trading gain (loss), net_20260525",,,,12100,,,ARB04053_USD,,,,5308.280000000001,,,,,,,,,,
ARB04054_USD,,,,,"Wedbush_Trading gain (loss), net_20260525",,,,12100,,,ARB04054_USD,,,,351.3,,,,,,,,,,
ARB04055_USD,,,,,"Wedbush_Trading gain (loss), net_20260525",,,,12100,,,ARB04055_USD,,,,,2546.6400000000003,,,,,,,,,
ARB04057_USD,,,,,"Wedbush_Trading gain (loss), net_20260525",,,,12100,,,ARB04057_USD,,,,,3243.7799999999997,,,,,,,,,
ARB04059_USD,,,,,"Wedbush_Trading gain (loss), net_20260525",,,,12100,,,ARB04059_USD,,,,,27973.259999999776,,,,,,,,,
ARB04062_USD,,,,,"Wedbush_Trading gain (loss), net_20260525",,,,12100,,,ARB04062_USD,,,,4.6899999999999995,,,,,,,,,,
ARB04065_USD,,,,,"Wedbush_Trading gain (loss), net_20260525",,,,12100,,,ARB04065_USD,,,,6453.379999999888,,,,,,,,,,
ARB04066_USD,,,,,"Wedbush_Trading gain (loss), net_20260525",,,,12100,,,ARB04066_USD,,,,1705.2300000000105,,,,,,,,,,
ARB04067_USD,,,,,"Wedbush_Trading gain (loss), net_20260525",,,,12100,,,ARB04067_USD,,,,,3503.5899999999674,,,,,,,,,
ARB04068_USD,,,,,"Wedbush_Trading gain (loss), net_20260525",,,,12100,,,ARB04068_USD,,,,20478.98000000001,,,,,,,,,,
ARB04069_USD,,,,,"Wedbush_Trading gain (loss), net_20260525",,,,12100,,,ARB04069_USD,,,,31191.290000000008,,,,,,,,,,
ARB04070_USD,,,,,"Wedbush_Trading gain (loss), net_20260525",,,,12100,,,ARB04070_USD,,,,8586.089999999997,,,,,,,,,,
ARB04073_USD,,,,,"Wedbush_Trading gain (loss), net_20260525",,,,12100,,,ARB04073_USD,,,,,1904.81,,,,,,,,,
ARB04074_USD,,,,,"Wedbush_Trading gain (loss), net_20260525",,,,12100,,,ARB04074_USD,,,,15140.539999999997,,,,,,,,,,
ARB04075_USD,,,,,"Wedbush_Trading gain (loss), net_20260525",,,,12100,,,ARB04075_USD,,,,4848.4,,,,,,,,,,
ARB04077_USD,,,,,"Wedbush_Trading gain (loss), net_20260525",,,,12100,,,ARB04077_USD,,,,2107.4,,,,,,,,,,
ARB04079_USD,,,,,"Wedbush_Trading gain (loss), net_20260525",,,,12100,,,ARB04079_USD,,,,27.399999999999636,,,,,,,,,,
ARB04080_USD,,,,,"Wedbush_Trading gain (loss), net_20260525",,,,12100,,,ARB04080_USD,,,,,6746.310000000084,,,,,,,,,
ARB04081_USD,,,,,"Wedbush_Trading gain (loss), net_20260525",,,,12100,,,ARB04081_USD,,,,,2104.62,,,,,,,,,
ARB04082_USD,,,,,"Wedbush_Trading gain (loss), net_20260525",,,,12100,,,ARB04082_USD,,,,,1865.85,,,,,,,,,
ARB04083_USD,,,,,"Wedbush_Trading gain (loss), net_20260525",,,,12100,,,ARB04083_USD,,,,,2790.31,,,,,,,,,
ARB04085_USD,,,,,"Wedbush_Trading gain (loss), net_20260525",,,,12100,,,ARB04085_USD,,,,,6435.04,,,,,,,,,
ARB04086_USD,,,,,"Wedbush_Trading gain (loss), net_20260525",,,,12100,,,ARB04086_USD,,,,,9201.130000000001,,,,,,,,,
ARB04087_USD,,,,,"Wedbush_Trading gain (loss), net_20260525",,,,12100,,,ARB04087_USD,,,,,17447.379999999997,,,,,,,,,
ARB04088_USD,,,,,"Wedbush_Trading gain (loss), net_20260525",,,,12100,,,ARB04088_USD,,,,,1646.7999999999993,,,,,,,,,
ARB04101_USD,,,,,"Wedbush_Trading gain (loss), net_20260525",,,,12100,,,ARB04101_USD,,,,,1218.119999999999,,,,,,,,,
ARB04102_USD,,,,,"Wedbush_Trading gain (loss), net_20260525",,,,12100,,,ARB04102_USD,,,,,42584.46,,,,,,,,,
ARB04103_USD,,,,,"Wedbush_Trading gain (loss), net_20260525",,,,12100,,,ARB04103_USD,,,,,1624.6600000000035,,,,,,,,,
ARB04104_USD,,,,,"Wedbush_Trading gain (loss), net_20260525",,,,12100,,,ARB04104_USD,,,,,10168.009999999998,,,,,,,,,
ARB04105_USD,,,,,"Wedbush_Trading gain (loss), net_20260525",,,,12100,,,ARB04105_USD,,,,24281.019999999997,,,,,,,,,,
ARB04106_USD,,,,,"Wedbush_Trading gain (loss), net_20260525",,,,12100,,,ARB04106_USD,,,,17109.5,,,,,,,,,,
ARB04108_USD,,,,,"Wedbush_Trading gain (loss), net_20260525",,,,12100,,,ARB04108_USD,,,,1506.2900000004447,,,,,,,,,,
ARB04110_USD,,,,,"Wedbush_Trading gain (loss), net_20260525",,,,12100,,,ARB04110_USD,,,,,6559.129999999999,,,,,,,,,
ARB04111_USD,,,,,"Wedbush_Trading gain (loss), net_20260525",,,,12100,,,ARB04111_USD,,,,,26619.28,,,,,,,,,
ARB04112_USD,,,,,"Wedbush_Trading gain (loss), net_20260525",,,,12100,,,ARB04112_USD,,,,,12471.37,,,,,,,,,
ARB04113_USD,,,,,"Wedbush_Trading gain (loss), net_20260525",,,,12100,,,ARB04113_USD,,,,1237.6199999999953,,,,,,,,,,
ARB04114_USD,,,,,"Wedbush_Trading gain (loss), net_20260525",,,,12100,,,ARB04114_USD,,,,7406.639999998919,,,,,,,,,,
ARB04116_USD,,,,,"Wedbush_Trading gain (loss), net_20260525",,,,12100,,,ARB04116_USD,,,,12259.949999999997,,,,,,,,,,
ARB04117_USD,,,,,"Wedbush_Trading gain (loss), net_20260525",,,,12100,,,ARB04117_USD,,,,48639.96,,,,,,,,,,
ARB04118_USD,,,,,"Wedbush_Trading gain (loss), net_20260525",,,,12100,,,ARB04118_USD,,,,5847.859999999999,,,,,,,,,,
ARB04119_USD,,,,,"Wedbush_Trading gain (loss), net_20260525",,,,12100,,,ARB04119_USD,,,,293.32,,,,,,,,,,
ARB04157_USD,,,,,"Wedbush_Trading gain (loss), net_20260525",,,,12100,,,ARB04157_USD,,,,,630.5999999999999,,,,,,,,,
ARB04158_USD,,,,,"Wedbush_Trading gain (loss), net_20260525",,,,12100,,,ARB04158_USD,,,,23.58,,,,,,,,,,
ARB04159_USD,,,,,"Wedbush_Trading gain (loss), net_20260525",,,,12100,,,ARB04159_USD,,,,,97.44,,,,,,,,,
ARB04160_USD,,,,,"Wedbush_Trading gain (loss), net_20260525",,,,12100,,,ARB04160_USD,,,,,733.48,,,,,,,,,
ARB04161_USD,,,,,"Wedbush_Trading gain (loss), net_20260525",,,,12100,,,ARB04161_USD,,,,,1200.06,,,,,,,,,
ARB04162_USD,,,,,"Wedbush_Trading gain (loss), net_20260525",,,,12100,,,ARB04162_USD,,,,67.34,,,,,,,,,,
ARB04164_USD,,,,,"Wedbush_Trading gain (loss), net_20260525",,,,12100,,,ARB04164_USD,,,,,2266.459999999998,,,,,,,,,
ARB04165_USD,,,,,"Wedbush_Trading gain (loss), net_20260525",,,,12100,,,ARB04165_USD,,,,2292.589999999962,,,,,,,,,,
ARB04166_USD,,,,,"Wedbush_Trading gain (loss), net_20260525",,,,12100,,,ARB04166_USD,,,,,920.0,,,,,,,,,
ARB04167_USD,,,,,"Wedbush_Trading gain (loss), net_20260525",,,,12100,,,ARB04167_USD,,,,,380.2199999999975,,,,,,,,,
ARB04168_USD,,,,,"Wedbush_Trading gain (loss), net_20260525",,,,12100,,,ARB04168_USD,,,,,756.2200000000012,,,,,,,,,
ARB04336_USD,,,,,"Wedbush_Trading gain (loss), net_20260525",,,,12100,,,ARB04336_USD,,,,,5.32,,,,,,,,,
ARB04345_USD,,,,,"Wedbush_Trading gain (loss), net_20260525",,,,12100,,,ARB04345_USD,,,,,1860.0600000000004,,,,,,,,,
ARB04348_EUR,,,,,"Wedbush_Trading gain (loss), net_20260525",,,,12100,,,ARB04348_EUR,,,,,18.9,,,,,,,,,
ARB04348_GBP,,,,,"Wedbush_Trading gain (loss), net_20260525",,,,12100,,,ARB04348_GBP,,,,,67808.74,,,,,,,,,
ARB04348_USD,,,,,"Wedbush_Trading gain (loss), net_20260525",,,,12100,,,ARB04348_USD,,,,137795.44,,,,,,,,,,
ARB04357_EUR,,,,,"Wedbush_Trading gain (loss), net_20260525",,,,12100,,,ARB04357_EUR,,,,5118.25,,,,,,,,,,
ARB04357_GBP,,,,,"Wedbush_Trading gain (loss), net_20260525",,,,12100,,,ARB04357_GBP,,,,,47.6,,,,,,,,,
ARB04384_EUR,,,,,"Wedbush_Trading gain (loss), net_20260525",,,,12100,,,ARB04384_EUR,,,,1267.1000000000004,,,,,,,,,,
ARB04384_GBP,,,,,"Wedbush_Trading gain (loss), net_20260525",,,,12100,,,ARB04384_GBP,,,,259.71999999999935,,,,,,,,,,
ARB04384_USD,,,,,"Wedbush_Trading gain (loss), net_20260525",,,,12100,,,ARB04384_USD,,,,,321.84000000000003,,,,,,,,,
ARB04388_USD,,,,,"Wedbush_Trading gain (loss), net_20260525",,,,12100,,,ARB04388_USD,,,,,16687.45,,,,,,,,,
ARB04401_USD,,,,,"Wedbush_Trading gain (loss), net_20260525",,,,12100,,,ARB04401_USD,,,,7206.5599999999995,,,,,,,,,,
ARB04402_USD,,,,,"Wedbush_Trading gain (loss), net_20260525",,,,12100,,,ARB04402_USD,,,,,1824.820000000007,,,,,,,,,
ARB04403_USD,,,,,"Wedbush_Trading gain (loss), net_20260525",,,,12100,,,ARB04403_USD,,,,,2312.3,,,,,,,,,
ARB04404_EUR,,,,,"Wedbush_Trading gain (loss), net_20260525",,,,12100,,,ARB04404_EUR,,,,,4.8,,,,,,,,,
ARB04404_GBP,,,,,"Wedbush_Trading gain (loss), net_20260525",,,,12100,,,ARB04404_GBP,,,,294.72,,,,,,,,,,
ARB04404_USD,,,,,"Wedbush_Trading gain (loss), net_20260525",,,,12100,,,ARB04404_USD,,,,,9050.720000000001,,,,,,,,,
ARB04405_CAD,,,,,"Wedbush_Trading gain (loss), net_20260525",,,,12100,,,ARB04405_CAD,,,,,3376.0,,,,,,,,,
ARB04405_USD,,,,,"Wedbush_Trading gain (loss), net_20260525",,,,12100,,,ARB04405_USD,,,,,275.0,,,,,,,,,
ARB04406_CAD,,,,,"Wedbush_Trading gain (loss), net_20260525",,,,12100,,,ARB04406_CAD,,,,1492.0,,,,,,,,,,
ARB04406_EUR,,,,,"Wedbush_Trading gain (loss), net_20260525",,,,12100,,,ARB04406_EUR,,,,,1.2,,,,,,,,,
ARB04406_GBP,,,,,"Wedbush_Trading gain (loss), net_20260525",,,,12100,,,ARB04406_GBP,,,,,826.32,,,,,,,,,
ARB04406_USD,,,,,"Wedbush_Trading gain (loss), net_20260525",,,,12100,,,ARB04406_USD,,,,387.6600000000035,,,,,,,,,,
ARB04408_EUR,,,,,"Wedbush_Trading gain (loss), net_20260525",,,,12100,,,ARB04408_EUR,,,,3913.05,,,,,,,,,,
ARB04408_GBP,,,,,"Wedbush_Trading gain (loss), net_20260525",,,,12100,,,ARB04408_GBP,,,,,4226.76,,,,,,,,,
ARB04410_USD,,,,,"Wedbush_Trading gain (loss), net_20260525",,,,12100,,,ARB04410_USD,,,,11301.660000000003,,,,,,,,,,
ARB04413_EUR,,,,,"Wedbush_Trading gain (loss), net_20260525",,,,12100,,,ARB04413_EUR,,,,,2.1,,,,,,,,,
ARB04413_GBP,,,,,"Wedbush_Trading gain (loss), net_20260525",,,,12100,,,ARB04413_GBP,,,,268.94,,,,,,,,,,
ARB04413_USD,,,,,"Wedbush_Trading gain (loss), net_20260525",,,,12100,,,ARB04413_USD,,,,21.5,,,,,,,,,,
ARB04418_USD,,,,,"Wedbush_Trading gain (loss), net_20260525",,,,12100,,,ARB04418_USD,,,,5234.919999999998,,,,,,,,,,
ARB04451_EUR,,,,,"Wedbush_Trading gain (loss), net_20260525",,,,12100,,,ARB04451_EUR,,,,,225.3,,,,,,,,,
ARB04451_GBP,,,,,"Wedbush_Trading gain (loss), net_20260525",,,,12100,,,ARB04451_GBP,,,,1883.42,,,,,,,,,,
ARB04451_USD,,,,,"Wedbush_Trading gain (loss), net_20260525",,,,12100,,,ARB04451_USD,,,,,437.0,,,,,,,,,
ARB04452_EUR,,,,,"Wedbush_Trading gain (loss), net_20260525",,,,12100,,,ARB04452_EUR,,,,,201.0,,,,,,,,,
ARB04452_GBP,,,,,"Wedbush_Trading gain (loss), net_20260525",,,,12100,,,ARB04452_GBP,,,,,888.5999999999999,,,,,,,,,
ARB04452_USD,,,,,"Wedbush_Trading gain (loss), net_20260525",,,,12100,,,ARB04452_USD,,,,,767.1199999999999,,,,,,,,,
ARB04454_EUR,,,,,"Wedbush_Trading gain (loss), net_20260525",,,,12100,,,ARB04454_EUR,,,,,215.4,,,,,,,,,
ARB04454_GBP,,,,,"Wedbush_Trading gain (loss), net_20260525",,,,12100,,,ARB04454_GBP,,,,375.55999999999995,,,,,,,,,,
ARB04454_USD,,,,,"Wedbush_Trading gain (loss), net_20260525",,,,12100,,,ARB04454_USD,,,,,8032.8,,,,,,,,,
ARB04459_CAD,,,,,"Wedbush_Trading gain (loss), net_20260525",,,,12100,,,ARB04459_CAD,,,,,178.0,,,,,,,,,
ARB04459_USD,,,,,"Wedbush_Trading gain (loss), net_20260525",,,,12100,,,ARB04459_USD,,,,,14.0,,,,,,,,,
ARB05057_EUR,,,,,"Wedbush_Trading gain (loss), net_20260525",,,,12100,,,ARB05057_EUR,,,,,10950.0,,,,,,,,,
ARB05057_USD,,,,,"Wedbush_Trading gain (loss), net_20260525",,,,12100,,,ARB05057_USD,,,,,2452.42,,,,,,,,,
ARB05357_EUR,,,,,"Wedbush_Trading gain (loss), net_20260525",,,,12100,,,ARB05357_EUR,,,,,298009.2000000002,,,,,,,,,
ARB05357_GBP,,,,,"Wedbush_Trading gain (loss), net_20260525",,,,12100,,,ARB05357_GBP,,,,,222817.84000000003,,,,,,,,,
ARB06057_USD,,,,,"Wedbush_Trading gain (loss), net_20260525",,,,12100,,,ARB06057_USD,,,,30809.969999999652,,,,,,,,,,
ARB06357_USD,,,,,"Wedbush_Trading gain (loss), net_20260525",,,,12100,,,ARB06357_USD,,,,9646.67,,,,,,,,,,
